1010004;A S C LAGNIEU;
1010034;ABERGEMENT CLEMENCIA;
1010033;AJ LA BOISSE;
1010069;AS BRESSANE TT;
1010027;ASC AMBERIEU T.T.;
1010060;BRESSE TT;
1010059;CLUB DE TENNIS DE TABLE GESSIEN;
1010068;CORCY TENNIS DE TABLE;
1010062;CTT FEILLENS;
1010023;Ent. FRANS-VILLENEUVE TT;
1010001;HAUT BUGEY TT;
1010020;LJ ST ETIENNE DU BOIS;
1010063;MEXIMIEUX TT;
1010031;MIRIBEL TENNIS DE TABLE;
1010061;SAONE-VALLEE TT;
1010073;SEL OYONNAX TT;
1010009;STT MEZERIAT;
1010054;SUD REVERMONT TENNIS DE TABLE;
1010044;TT BASSIN BELLEGARDIEN;
1010017;TT PONT DE VAUX;
1010071;TT ST DENIS LES BOURG;
7020055;BEAUTOR GS;
7020009;BUIRE CTT;
7021011;CD AISNE CORPO TT;
7021006;CHARLY-ETAMPES PING CONCEPT;
7020019;CHATEAU THIERRY CTT;
7020037;CHAUNY-AUTREVILLE ACTT;
7021005;CONDE EN BRIE UTT;
7021016;COURMELLES CROUY ETT;
7021012;CREPY TT;
7020073;CUFFIES LL;
7021014;FAYET AMICALE TENNIS DE TABLE;
7020014;FRESNOY LE GD VERMANDOIS TT;
7021010;GUIGNICOURT CTT;
7020001;GUISE TT;
7020065;HOLNON-ITANCOURT TT;
7020003;LA CAPELLE TT;
7020044;LAON ASPTT;
7020062;PINON-ANIZY TT;
7021009;ROZOY THIERACHE TT;
7020064;SAINS RICHAUMONT TT;
7020024;SISSONNE CP;
7020040;SOISSONS ASPTT;
7020036;ST QUENTIN / HARLY ASPTT;
7020015;ST QUENTIN TT;
7020030;TERGNIER ESC;
7020031;VENIZEL TT;
7021015;VESLES ET CAUMONT AS;
7021013;VIVAISE ASC TT;
1030305;A.L. MAYET DE MONTAGNE T.T;
1030299;A.S.T.T. M.A. MONTBEUGNY;
1030312;AMICALE LAÏQUE DE SOUVIGNY;
1030035;ASPTT MONTLUCON;
1030316;Association Sportive Parodienne;
1030128;ASTT CRECHY;
1030165;BIOZAT TENNIS DE TABLE;
1030227;CHARMEIL PPC;
1030094;COMMENTRY TENNIS DE TABLE;
1030308;ETOILE AGGLO MOULINS YZEURE TT;
1030300;HAUTERIVE-BRUGHEAS T.T.;
1030319;PPC VARENNOIS;
1030108;SL. VICHY TT;
1030042;ST-GERMAIN TENNNIS DE TABLE;
1030291;TENNIS DE TABLE DE LAPALISSE;
1030310;TENNIS DE TABLE LE BRETHON;
1030212;TT BOURBON;
1030082;TT CUSSET;
13040026;AS CAMPUS TT LA BATIE NEUVE;
13040030;AS. TENNIS DE TABLE PIERREVERT;
13040035;GAP HAUTES ALPES TT;
13040025;ORAISON TENNIS DE TABLE;
13040005;P P C SISTERONNAIS;
13040036;PING CATURIGE;
13040024;TENNIS DE TABLE DIGNOIS;
13040008;TENNIS DE TABLE EMBRUNAIS;
13040013;TT BRIANCON;
13040023;TT PAYS DE GIONO;
13040015;TT UBAYE;
13060037;A S T T VALLAURIS-GOLFE JUAN;
13060007;A.S. MONACO;
13060074;AO TOURRETTE LEVENS;
13060117;AS ESCRAGNOLLES;
13060088;AS LE BROC TT;
13060082;AS VENCE T.T.;
13060102;ASPTT SMASH CLUB DE GRASSE;
13060031;C C C F NICE tennis de table;
13060080;C.A.S. EAUX;
13060064;CANNET COTE D AZUR TT;
13060119;COLOMARS OLYMPIC CLUB TT;
13060110;CTT VILLEFRANCHE CORNICHE D'AZUR;
13060063;E.S. VILLENEUVE LOUBET;
13060001;GAZELEC SPORT NICE CT AZUR;
13060052;GSEM TT NICE;
13060029;LA SEMEUSE NICE;
13060043;LE TENNIS DE TABLE MANDELIEU;
13060066;NICE CAVIGAL TENNIS DE TABLE;
13060008;O.ANTIBES JUAN LES PINS;
13060101;PING CLUB DE CAP D'AIL;
13060090;PING PASSION CHATEAUNEUF;
13060072;SC MOUANS SARTOUX T T;
13060114;SOPHIA TENNIS DE TABLE;
13060085;STELLA SPORTS MENT/ROQUEB.;
13060111;TEAM LUCIAN TAUT 06 TT NICE;
13060005;TRINITE SPORTS TENNIS DE TABLE;
6080029;AUVILLERS-ETEIGNIERES TT;
6080006;BAZEILLES PPC;
6080087;CARIGNAN YVOISIEN CTT;
6080035;CHARLEVILLE MEZIERES ARDENNES TT;
6080050;CLAVY WARBY ASL;
6080015;CLIRON PPC;
6080043;ETREPIGNY TT;
6080024;FLOING PPC;
6080005;GIVET CTT;
6080082;GLAIRE ASTT;
6080017;HARCY FPT;
6080059;LA NEUVILLE EN TOURNE A FUY TTC;
6080045;LES MAZURES TT;
6080096;LIART PPC;
6080093;MOGUES TT;
6080047;MONTCY NOTRE DAME PPC;
6080097;MONTHERME CTT;
6080057;NOUVION FLIZE USC;
6080074;NOUZONVILLE CTT;
6080072;POIX TERRON CTT;
6080076;RETHELOIS PPC;
6080014;REVIN - HAYBOISE TT;
6080004;SEDAN TT;
6080013;TAGNON PPC;
6080003;US ROCROI TENNIS DE TABLE;
6080064;VIVIER AU COURT CTT;
6080044;VOUZIERS LE CHESNE CTT;
6080053;WARCQ TC;
11090014;ATT PAYS D OLMES;
11090002;CP ST GIRONNAIS;
11090009;PPC APPAMEEN;
11090001;PPC FUXEEN;
11090018;TENNIS DE TABLE CATHARE;
11090019;TENNIS DE TABLE CRITOURIEN;
6100041;AIX EN OTHE SDTDT;
6100021;ARCIS MAILLY ASA TT;
6100016;BAR SUR SEINE FJ;
6100033;BAYEL CO;
6100046;BRIENNE CP;
6100017;LA CHAPELLE ST LUC AJFB;
6100004;MOUSSEY CS;
6100005;ROMILLY SPORTS 10;
6100040;ROMILLY-VILLENAUXE CAP;
6100032;SAINT ANDRE ASTT;
6100035;ST MESMIN-VALLANT TT;
6100007;ST PARRES AUX TERTRES AST;
6100015;TROYES JEUNE GARDE;
6100002;TROYES OS-NOES;
11110023;CARCASSONNE MJC PONGISTE;
11110028;CAVES LEUCATE TENNIS DE TABLE;
11110015;LEZIGNAN CORBIERES MJC TT;
11110009;LIMOUX TT;
11110024;MJC GRUISSAN TENNIS DE TABLE;
11110027;NARBONNE Tennis de Table;
11110001;NEVIAN TT 2001;
11110026;PEXIORA MJC TT;
11110032;Sigean Tennis de Table;
11110029;Tennis De Table Village Passion;
11110013;TREBES TT;
11120042;C.C.S. SEVERAGAIS;
11120025;CLUB PONGISTE D'ENTRAYGUES;
11120026;ONET LE CHATEAU T.T.;
11120009;PING CLUB D'OLEMPS;
11120043;PING PONG CAPDENACOIS;
11120052;PING VALLON;
11120045;PPC LIOUJACOIS;
11120047;PPC VILLEFRANCHOIS;
11120044;SEBAZAC TENNIS DE TABLE;
11120004;STADE OLYMPIQUE MILLAVOIS;
11120017;T.T. ESPALIONNAIS;
11120024;T.T.CARCENAC BARAQUEVILLE;
11120046;TT DECAZEVILLOIS;
13130152;AIX LES MILLES TT;
13130170;ALPILLES TT EYGUIERES;
13130004;AS AVENIR NOTRE DAME;
13130012;AS MIRAMAS;
13130175;ASA PING VELAUX;
13130137;ASC LANBERNAC;
13130022;ASSUP FOS SUR MER;
13130067;AUBAGNE TT;
13130161;CEYRESTE PP;
13130122;CLUB PONGISTE NOVAIS;
13130118;CTT FONTROUGE - SAUSSET;
13130124;FR SAINT-CANNAT;
13130146;GIGNAC VITROLLES TT;
13130159;ISTRES TT;
13130165;LE MONDE DU PINGPONG;
13130168;MARSEILLE PING;
13130162;MARSEILLE TENNIS DE TABLE;
13130133;OLYMPIQUE CABRIES-CALAS TT;
13130154;PING PONG DE VENELLES;
13130145;PING PONG JOUQUARD;
13130148;ROGNAC UTT;
13130166;SALON TENNIS DE TABLE;
13130157;SPORTS LOISIRS CULTURE;
13130156;TENNIS DE TABLE BOUC BEL AIR;
13130138;TENNIS DE TABLE MEYREUIL;
13130158;TT CHATEAUNEUF LA MEDE;
13130164;TT CHATEAURENARDAIS;
13130013;TT MARTIGUES SLC;
13130169;TT SIMIANE COLLONGUE;
13130005;TTC ARLES;
13130026;US CHEMINOTS MARSEILLAIS;
13130049;USC GRANDE BASTIDE;
13130100;UTT SAINT-MARTIN DE CRAU;
9140055;Amicale Pongiste de Ouistreham;
9140128;AS SPORT. CORMELLES TENNIS TABLE;
9140130;ASTT FONTENAY LE PESNEL;
9140009;AVANT-GARDE-DEAUVILLAISE;
9140014;BAYEUX TT;
9140227;BRETTEVILLE L ORG/ROTS ASSTT;
9140083;BRETTEVILLE SUR LAIZE EVC;
9140012;CABOURG TT;
9140019;CAEN ASPTT;
9140156;CAEN TTC;
9140007;CAENNAISE AG;
9140071;CLUB HONFLEURAIS DE TENNIS DE TA;
9140013;CONDE/NOIREAU SLSN;
9140211;COURTONNE LA MEURDRAC FRTT;
9140162;DOUVRES TENNIS DE TABLE;
9140127;EVRECY TT;
9140072;FALAISE ES;
9140216;FERVAQUES LP;
9140123;FLEURY SUR ORNE CSP;
9140167;FONTAINE-ETOUPEFOUR TT;
9140063;FRENOUVILLAIS TT;
9140233;GIBERVILLAIS TT;
9140231;GRENTHEVILLE USTT;
9140060;HOULGATAISE R;
9140195;LA HOGUETTE FR;
9140202;LE MESNIL MAUGER LPT;
9140179;LE PRE D AUGE-LA BOISSIERE ATT;
9140032;LISIEUX ASTT;
9140111;LOUVIGNY ASL;
9140237;MOULTAIS AVENIR SPORTIF;
9140201;MOYAUSAINE ATT;
9140228;NACRE TENNIS DE TABLE;
9140003;PETRUVIENNE US;
9140054;PONT L EVEQUE US;
9140209;PONT-D'OUILLY FR;
9140190;PORT EN BESSIN C;
9140147;Réveil Pongiste Vasséen;
9140238;SALINE TENNIS DE TABLE;
9140078;ST ANDRE/ORNE USSA;
9140234;ST CONTEST TT;
9140200;ST LAURENT DE CONDEL TT FR;
9140174;THAON CREULLY TENNIS DE TABLE;
9140185;TOURNEBU ATT;
9140224;TOURVILLE SUR ODON ASLO;
9140052;TROARN TT;
9140189;TT DE LA SUISSE NORMANDE;
9140235;USO MONDEVILLE TT;
9140115;VILLERS BOCAGE US;
9140023;VIROISE USM;
1150145;A S NEUSSARGUES;
1150299;ASTT de LAROQUEBROU;
1150148;C.O. ARPAJON;
1150303;Ping du Pays de Naucelles;
1150278;ST GEORGES S.L.;
1150307;TENNIS DE TABLE 3 ROCHERS MURAT;
1150159;Tennis de Table Aurillacois;
1150304;Tennis de Table du Pays Gentiane;
1150291;TENNIS DE TABLE MAURIAC;
1150290;TT DU PAYS DE MAURS;
1150306;Union Sportive Marmanhacoise T T;
10160237;Aigre Club Pongiste du Pays;
10160029;Angoulême TTGF;
10160122;AP Séverinoise;
10160069;Baignes T T C B;
10160010;Chabanais tennis de table;
10160085;Chalais - Montmoreau;
10160028;Chasseneuil T.T.C.;
10160044;Chateaubernard SL TT;
10160051;Chateauneuf TT Castelnovien;
10160240;Chazellois Copains Pongistes;
10160040;Cognac UA;
10160236;Confolens Tennis de Table;
10160049;Fléac M J C;
10160024;Gond Pontouvre T.T.G.P.;
10160186;L'Isle d'Espagnac 3STT;
10160023;La Couronne COC;
10160232;La Rochefoucauld UA TT;
10160071;Luchac-Chassors T T;
10160059;Magnac/Touvre TT Pirons;
10160003;Mansle Coqs Rouges;
10160030;Merpins U S;
10160047;Montbron Club Pongiste;
10160018;Mornac Tennis de Table;
10160002;Mouthiers MJC J. BERRY;
10160185;Puymoyen Tennis de Table;
10160225;Ruffec Chef Boutonne TT;
10160218;Sireuil ALTT;
10160042;STT Brie Champniers;
10160226;Torsac Club Pongiste;
10160013;Tourriers Jauldes EP;
10160196;TTC SG.ROUILLAC;
10160197;Vars Entente Pongiste;
10160223;Villefagnan Animation Loisirs;
10170029;Aigrefeuille CP;
10170049;Angoulins TT;
10170178;Bords TT;
10170218;Bourgneuf/St-Rogatien TT;
10170223;Burie CTT;
10170004;Chaniers/Montils la raquette;
10170028;Club Pongiste Nieulais;
10170034;Corme Royal TTC;
10170009;Cozes club pongiste;
10170026;Echillais-St agnant TT;
10170064;Fouras CP;
10170005;Gémozac Tennis de Table;
10170024;Jonzac CP;
10170012;La Rochelle ASPTT;
10170051;La Rochelle CP Rochelais;
10170162;Marans-Courçon ALTT;
10170031;Marennes Oléron CPPMO;
10170003;Mirambeau MTT;
10170230;Montendre Club Omnisport;
10170007;Montlieu LA GARDE T T;
10170042;Périgny Ping;
10170228;RE tennis de table;
10170073;Rochefort CRTT;
10170138;Royan Gazelec Sports;
10170016;Royan Océan Saint Sulpice TT;
10170050;Saintes USSTT;
10170035;St Christophe ATT;
10170229;St Genis Champagnac U.P.;
10170158;St Georges des Coteaux AS;
10170150;St Germain Lusignan FR;
10170046;St Jean d'Angély TT;
10170033;St-Palais-Vaux/Mer;
10170214;Surgères ACP;
4180727;A.T.T. PREVERANGES;
4180732;AVENIR DE LIGNIERES TT;
4180157;AVORD TT;
4180734;BAUGY TENNIS DE TABLE;
4180486;C P BIGNY VALLENAY;
4180644;C.S. MICHELIN;
4180726;CE MBDA BOURGES TENNIS TABLE;
4180174;CERCLE PONGISTE MEHUNOIS;
4180613;CJM BOURGES TT;
4180621;E.P. GRACAY-GENOUILLY;
4180304;F.J. FOECY TT;
4180711;FOYER RURAL PARASSY T.T.;
4180694;GAZELEC BELLEVILLE;
4180057;GAZELEC BOURGES TT;
4180721;PING PONG CLUB ORVAL;
4180738;SAINT AMAND PING;
4180530;SLD.FUSSY;
4180313;ST. DOULCHARD TT.;
4180682;T.T. GERMINOIS;
4180737;TENNIS DE TABLE SUD CHER;
4180729;TENNIS DE TABLE VALLONNAIS;
4180041;TT AUBIGNY SUR NERE;
4180718;TT CHAROST;
4180728;TT PLAIMPIED GIVAUDINS;
4180716;TT SIPS DUN SUR AURON;
4180485;TT.BELLEVILLE-LERE;
4180696;VIERZON PING;
10190108;ASPO BRIVE;
10190111;ASPTT DE TULLE;
10190075;ENTENTE BASSES MONEDIERES;
10190145;F.J.E.P. Cornil;
10190120;FRJEP ST GERMAIN L VERGNES;
10190073;Haute Corrèze Tenn.de Tabl;
10190148;Lagarde Albussac Midi Correzien;
10190096;MEYMAC ATHLETIC CLUB;
10190134;Ping Sarroux St Julien;
10190043;RAQUETTE ARDOISIERE;
10190080;ST VIANCE TENNIS DE TABLE;
10190129;STE FORTUNADE Tenn. de Tab;
10190066;TENNIS DE TABLE BRIVISTE;
10190146;Tennis de Table Egletonnais;
10190147;TT NESPOULS;
10190133;Xaintrie TT;
2210081;ALC LONGVIC;
2210029;ASC SAINT APOLLINAIRE;
2210106;ASL DE CLENAY;
2210052;CHEVIGNY TENNIS DE TABLE;
2210007;CL MARSANNAY TENNIS DE TABLE;
2210088;CLUB PONGISTE BELLENEUVOIS;
2210059;CLUB PONGISTE GENLISSIEN;
2210126;CORPOS CD 21;
2210100;CSTT TALANT;
2210101;DIJON TENNIS DE TABLE;
2210048;ETOILE AUXONNAISE TT;
2210005;FILS DE FRANCE DE BEAUNE;
2210089;FR LAMARCHE SUR SAONE TT;
2210096;FR VELARS SUR OUCHE;
2210127;SEMUR MONTBARD TENNIS DE TABLE;
2210037;TT DU CHATILLONNAIS;
2210119;TT NOLAY PASSION;
2210123;TT POUILLY EN AUXOIS;
2210039;US CHEMINOTS DIJON;
3220047;7 ILES TT;
3220013;A.S. MINIHY-TREGUIER TT;
3220033;Argantel Club PLERIN;
3220005;ARMOR PING PLOUFRAGAN;
3220142;AS GOELO TT;
3220129;BEGARD TT;
3220001;C.P. PLEVINOIS;
3220143;Club Olympique Plouhatin;
3220087;ENTENTE DINAN TT;
3220011;ENTENTE TT PONTRIEUX;
3220048;ESPERANCE ST-QUAY PORTRIEUX;
3220022;G.M. ST-POTAN;
3220007;GOUDELIN/PLOUHA T.T.;
3220002;LA CHATELAUDRINAISE;
3220139;PENTHIEVRE LAMBALLE TT;
3220140;PLESTIN LES GREVES TT;
3220038;S.C. TREBEURDEN T.T.;
3220138;ST-BRIEUC TT ST-LAMBERT;
3220030;T.T. DU PAYS ROCHOIS;
3220050;T.T. FREHEL;
3220031;T.T. PLEMET;
3220124;Tennis de Table CORLAY;
3220123;TT Ambition-Loisirs-PLOUMAGOAR;
3220052;TT Corporatif BRIOCHIN;
3220132;TT DU DOURDU;
3220041;TT ERQUY/PLENEUF;
3220064;TT GRACES;
3220008;TT LA BAIE YFFINIAC;
3220127;TT LOUANNEC PLOUARET LANNION;
3220037;TT QUEVERT;
3220065;TTC GRAND LANVALLAY;
3220128;UP PLEDRANAISE;
3220078;US ARGOAT TT KERPERT;
3220113;US PLOUBALAY;
3220004;YVIGNAC LA TOUR T.T.;
10230105;AEL GUERET;
10230067;Entente Pongiste Pays Sostranien;
10230111;TT GRAND-BOURG;
10240020;AL COULOUNIEIX T T;
10240024;ASPTT DU BERGERACOIS;
10240003;ASPTT GRAND PERIGUEUX;
10240007;ASTT TERRASSON;
10240001;E F BERGERAC;
10240002;R LINDOISE;
10240026;R. PONCHAPTOISE EN PAYS FOYEN;
10240005;SARLIAC TENNIS DE TABLE;
10240015;ST MEDARD DE MUSSIDAN TT;
10240009;T DE T PERIGORD VERT;
10240030;TT AUBAS;
10240018;TT DU PERIGORD NOIR;
10240014;TT SARLADAIS;
10240006;TT TRELISSACOIS;
10240036;TTC RIBERACOIS;
2250059;A U O PONT DE ROIDE;
2250199;AEP ETOILE;
2250179;ALC TAILLECOURT;
2250216;ALE PELOUSEY;
2250151;AMICALE PONGISTE BOUCLANS;
2250204;AS AVOUDREY T T;
2250186;AS ST PAUL GOUX LES USIERS;
2250066;AS VALENTIGNEY TENNIS DE TABLE;
2250154;ASC DES AUXONS TT;
2250033;ASC LAVERNAY;
2250205;ASC MATHAY;
2250007;ASCAP SOCHAUX TT;
2250196;ASTT MORRE LA VEZE;
2250137;AVANNE AVENEY TT;
2250052;AVENIR DE MANDEURE;
2250224;AVENIR DE THISE;
2250162;BOURGUIGNON;
2250016;CA PONTARLIER;
2250031;CP ORNANAIS;
2250083;CTT VALDAHON;
2250192;ENT. VOUJEAUCOURT ETOUVANS;
2250229;ENTENTE MALCOMBE THISE MARCHAUX;
2250213;ETOILE SPORTIVE ST FERJEUX;
2250176;FOYER RURAL LES BANNO;
2250185;FRASNE;
2250015;JEANNE D ARC DE MAICHE;
2250221;LA BOUSBOTTE;
2250231;LA SAINT MICHEL MORTEAU;
2250110;MAMIROLLE TENNIS CLUB;
2250095;MJ EPENOY;
2250190;MJC VILLERS LE LAC;
2250132;PING CHEMAUDIN-ET-VAUX;
2250232;PING DU VAL DE VENNES;
2250021;PP CLUB L'ISLOIS;
2250193;PPC BAVANS;
2250002;PPC FESCHES LE CHATEL;
2250001;PROMO SPORTS BESANCON TT;
2250217;SEP CHALEZEULE;
2250049;SP L MONTFERRAND;
2250017;T DE T SELONCOURTOIS;
2250197;TENNIS DE TABLE CHAMPLIVE;
2250125;TENNIS DE TABLE DAMPRICHARD;
2250138;TT ARBOUANS;
2250211;TT CASTEL MONTROND LE CHATEAU;
2250181;TT ROCHE LEZ BEAUPRE;
2250208;US BAUME LES DAMES;
2250024;US TORPES BOUSSIERES;
2250070;USP SAINT VITOISE;
1260004;A.T.T. Drôme Provençale;
1260056;AIRE PING;
1260072;ARC SALAVAS;
1260010;ASPTT ROMANS;
1260034;ASSOC DU TT D'AUBENAS-VALS;
1260045;ENTENTE BLACONS-CREST TT;
1260024;ENTENTE RHODANIENNE T T;
1260061;FJEP-T.T CRUAS;
1260062;LE CHEYLARD TENNIS DE TABLE;
1260060;LE TEIL OASIS TENNIS DE TABLE;
1260035;LVS LA VOULTE - MJC LIVRON;
1260055;PING PONG CLUB DIEULEFITOIS;
1260026;SAINT PAUL TROIS CHATEAUX;
1260015;SC PRIVAS TT;
1260040;T.T. MONTELIER;
1260001;T.T.C. BUIS LES BARONNIES;
1260065;TENNIS DE TABLE POUZINOIS;
1260068;TT BASSIN D'ANNONAY;
1260071;TT GOUBETOIS;
1260005;TT MANTHES;
1260006;U.M.S.T.T. MONTELIMAR;
1260054;valence-bourg tennis de table;
9270030;A S BRETEUIL;
9270136;A.C.O.S.TILLIERES/AVRE;
9270127;A.S. INTERCOM. GUAINVILLE;
9270097;AJLSC CANTON DAMVILLE;
9270168;ALESC AUTHEUIL AUTHOUILLET;
9270175;ALIZAY /ROSAY TT;
9270045;AMIC SPORTIVE ROUTOTOISE;
9270089;AMICALE PONG PACY MENILLES;
9270095;AS BOSC ROGER EN ROUMOIS;
9270150;AS HAYE MALHERBE TT;
9270187;AS HONGUEMARE-LE LANDIN;
9270071;AS VAUDREUIL TENNIS TABLE;
9270047;ASSO OMNISP THUIT SIGNOL;
9270188;Assoc. des Loisirs de Guiseniers;
9270087;BEUZEVILLE ATHLETIC CLUB;
9270156;C.S. BEAUMONT ROMILLY TTT;
9270005;CAPA TT;
9270185;CDF FOURGES;
9270180;CLUB PONGISTE DU ROUMOIS;
9270060;CROTH - EZY-GARENNES TT;
9270015;CS ANDELYS;
9270159;CS BONNEVILLOIS;
9270166;CTT AVIRON;
9270177;DRUCOURT TENNIS DE TABLE;
9270069;ENTENTE GISORSIENNE T.T;
9270006;EVREUX ETUDIANTS CERCLE;
9270164;FJEP DOUVILLE SUR ANDELLE;
9270152;GAILLON AUBEVOYE TT;
9270126;GROSSOEUVRE SPORTS;
9270181;GUICHAINVILLE TT;
9270013;Jeanne D'ARC EVREUX;
9270102;LA STEPHANOISE TT;
9270183;LES PONGISTES MESNILOIS;
9270077;MONTREUIL L'ARGILLE TENNIS DE TA;
9270151;NEUBOURG QUITTEBEUF TT;
9270104;PING PONG CLUB HONDOUVILLE;
9270169;RAS ROMILLY AS;
9270138;ROUGEMONTIER SPORTS LOISIRS;
9270021;SAINT MARCEL TT SMTT;
9270161;SAINT MARDS PING-PONG;
9270176;SAINT PIERRE LA GARENNE;
9270028;SPORTING CLUB BERNAY TT;
9270110;ST PHILBERT ATHLETIC CLUB;
9270140;ST SEBASTIEN SSTT;
9270041;STADE PORTE NORMANDE VERNON;
9270008;STADE VERNOLIEN T T;
9270153;T.T. FRESNE CAUVERVILLE;
9270004;TT BRIONNE;
9270063;TT DE L ARCHE;
9270112;U S ETREPAGNY T T;
9270148;U.S FIDELAIRE TENNIS DE TABLE;
9270139;US GRAVIGNY TT;
9270162;VAL DE REUIL CSTT;
9270137;Vallée d'Avre Tennis de Table;
4280038;A S THYMERAIS CHATEAUNEUF;
4280048;A.S.J.NOGENT LE ROTROU;
4280722;AGGLO DREUX VERNOUILLET TT;
4280045;AMICALE EPERNON;
4280664;AS.NOGENT SUR EURE;
4280104;ASTT BAILLEAU LE PIN;
4280719;ASTT BREZOLLES;
4280681;BARJOUVILLE SCL.;
4280004;C'CHARTRES TENNIS DE TABLE;
4280251;CA.PAULSTRA CHAT.;
4280005;CH CHATEAUDUN;
4280632;CLUB DE BROUE;
4280529;E.S.MAINTENON-PIERRES T.T.;
4280716;ES NOGENT LE ROI-VILLEMEUX TT;
4280593;ES.JOUY ST-PREST TT.;
4280517;FRANCOURVILLE LD.;
4280718;FRESNAY L'EVEQUE TENNIS DE TABLE;
4280404;GAIS MOIS. VOVES;
4280484;GAULOISE GAULT ST.DENIS;
4280705;GUE DE LONGROI TENNIS DE TABLE;
4280121;LUISANT AC Tennis de Table;
4280610;P.C. COLTAINVILLE TT.;
4280322;PAYS COURVILLOIS TT;
4280617;PONGISTES DE COMBRAY;
4280359;STADE LOUPEEN;
4280612;TT.CLOYSIEN;
4280049;TTPS SENONCHES;
4280202;US YEVRES;
3290232;AL CONCARNEAU;
3290018;AL GUILERS;
3290214;AL KERNEVEL;
3290224;AL MOELAN SUR MER;
3290268;AL NEVEZ;
3290200;AL PLONEOUR-LANVERN;
3290283;AL PLOUZANE;
3290282;AL PLUGUFFAN;
3290015;AS LOCQUENOLESIENNE TT;
3290037;ASC GUICLAN TT;
3290001;ASPTT BREST;
3290280;Asso TT SANTEC-ROSCOFF;
3290227;BANNALEC TT;
3290284;BODILIS PLOUGAR TT;
3290029;CTT PLOUIGNEAU;
3290014;CTT TAULESIEN;
3290255;DOUARNENEZ TT;
3290281;EDERN TENNIS DE TABLE;
3290212;EP DU CAP-SIZUN;
3290010;ESK ST-POL DE LEON;
3290011;GARS DE PLOUENAN TT;
3290087;GDR GUIPAVAS;
3290024;GSY BOURG-BLANC;
3290235;ILE TUDY COMBRIT TT;
3290286;KPP PLOUNEVEZ-LOCHRIST;
3290005;LANDERNEAU TT;
3290274;LE TREVOUX ADLTT;
3290090;LEGION ST-PIERRE BREST;
3290273;LES PONGISTES BIGOUDENS;
3290207;LES PONGISTES DU POHER;
3290003;MORLAIX ST-MARTIN TT;
3290027;PC PLABENNEC;
3290288;PL SANQUER BREST;
3290221;PLOMEUR TT;
3290277;PLOUDALMEZEAU TENNIS DE TABLE;
3290275;PLOUESCAT TT CLUB;
3290290;PONVEL TENNIS DE TABLE;
3290031;PPC CLEDEROIS;
3290081;PPC KERHUONNAIS;
3290237;PPC PLOZEVET;
3290276;PRESQU'ILE de CROZON TT;
3290223;QUIMPER CORNOUAILLE TT;
3290249;RAQ ESQUIBIENNOISE;
3290263;RAQ PLONEVEZIENNE;
3290262;RAQUETTE DU PORZAY;
3290217;RAQUETTE PLOM-TREM-PLUG;
3290244;RC BRIEC DE L ODET;
3290229;RP FOUESNANT;
3290052;SAINT-DIVY SPORT TT;
3290009;SAINT-RENAN TT;
3290202;SCAER/CORAY TT;
3290047;TENNIS DE TABLE DE LOPERHET;
3290208;TOURC'H-ELLIANT TT;
3290026;TT DE SAINTE-SEVE;
3290278;TT DES ABERS;
3290006;TT GOUESNOU;
3290045;TT GUERLESQUINAIS;
3290264;TT JA CHATEAULIN;
3290215;TT KEMPERLE;
3290044;TT LANDIVISIAU;
3290036;TT LE FOLGOET-LESNEVEN;
3290023;TT LOC MARIA-PLOUZANE;
3290266;TT LOCTUDY;
3290205;TT PONT DE BUIS;
3290222;TTAL HUELGOAT-PLOUYE;
3290285;TTC BREST RECOUVRANCE;
3290228;TTC PENMARC'H;
3290039;TTC PLOUGOULM;
3290019;TTE LAMPAUL-LOCMELAR;
3290203;UJAP QUIMPER TT;
3290226;UJR LANGOLEN;
11300040;ALES CEVENNES TENNIS DE TABLE;
11300022;BAD PING LE GRAU DU ROI;
11300012;BAGNOLS MARCOULE SABRAN TT;
11300021;BELLEGARDE COB;
11300015;BESSEGES/GAGNIERES CPM;
11300039;CAMARGUE TT;
11300008;CONGENIES PPC;
11300025;CTT CALVISSON;
11300047;CTT SOMMIERES;
11300006;GARONS TENNIS DE TABLE;
11300032;GENERAC T.T.;
11300017;LEDIGNAN ALASC;
11300041;MANDUEL ASTT;
11300018;MIALET TT;
11300007;NIMES ASPC;
11300016;NIMES ASPTT;
11300005;NIMES ST CESAIRE AM;
11300019;QUISSAC T.T.;
11300023;SALINDRES AS;
11300014;ST CHRISTOL LEZ ALES AS;
11300050;TENNIS CLUB CRUVIERS-LASCOURS;
11300055;TENNIS DE TABLE ARAMON;
11300003;Tennis de Table en Pays Viganais;
11300010;UCHAUD ASTT;
11300028;VAUVERT OPP;
11300004;VILLENEUVE LES AVIGNON AS;
11310070;A.S.C. MONTAUDRAN;
11310006;ASPTT TOULOUSE T.T.;
11310019;C.L.L.L.COLOMIERS;
11310115;CASTELGINEST TT;
11310099;COTEAUX BELLEVUE TT;
11310045;FOYER RURAL AUSSONNE;
11310121;JS CUGNAUX/VILLENEUVE TT;
11310033;L AVENIR MURETAIN T T;
11310075;PINS-JUSTARET VILLATE TT;
11310076;POINTIS RIVIERE STT;
11310129;QUINT FONSEGRIVES TENNIS DE TABL;
11310123;RIEUMES MAUZAC SLTT;
11310005;SAINT LYS OLYMPIQUE;
11310064;SAINT ORENS TT;
11310131;TENNIS DE TABLE PIBRACAIS;
11310008;TOULOUSE AC TENNIS DE TABLE;
11310011;TOULOUSE O A C TT;
11310077;TOULOUSE PATTE D'OIE T.T.;
11310047;TT BLAGNACAIS;
11310130;TT DE LA HYSE;
11310126;TT FRONTON;
11310098;TT FROUZINOIS;
11310060;TT PLAISANÇOIS;
11310124;TT REVEL-LAURAGAIS;
11310117;TT ST JORY;
11310029;US RAMONVILLE TT;
11320041;A.S.T.T. L'ISLOIS;
11320042;CERCLE PONGISTE VICOIS;
11320005;CP AUSCITAIN;
11320040;CP DU BAS ARMAGNAC;
11320039;CP FLEURANTIN;
11320033;CP LECTOUROIS;
11320031;EAUZE TENNIS DE TABLE;
11320032;PREIGNAN AUBIET CASTELNAU TT;
11320045;RAQUETTE SEISSANNAISE;
11320027;US PLAISANTINE TT;
10330074;A S BANQUE DE FRANCE;
10330084;A S VILLENAVE T T;
10330034;A. P. BARPAISE;
10330069;AJ TAILLAN;
10330050;AL EYSINES;
10330046;AS AMBARES;
10330004;AS LIBOURNE;
10330093;AS TABANAC;
10330125;ASC 33 TT;
10330099;ASI ILLACAISE;
10330071;AST LA TESTE TENNIS DE TABLE;
10330121;ASTT LALANDE DE FRONSAC;
10330024;ASTT MACAU;
10330035;BORDEAUX CENTRE LFTT;
10330010;BX COQS ROUGES;
10330036;C A STE HELENE;
10330003;CA BEGLAIS;
10330077;CA CARBON BLANC;
10330067;CAM BORDEAUX;
10330005;CLUB TT AUDENGEOIS;
10330019;COQS PEUJARDAIS;
10330025;E.S. BRUGES TT H.V.;
10330038;ENTENTE PONGISTE SLP;
10330037;GRADIGNAN TENNIS DE TABLE;
10330061;GRAND MOULIN DE PARIS;
10330076;J LANGON;
10330086;J YVRAC;
10330117;LE HAILLAN ST MEDARD TT;
10330040;P.P. NORD GIRONDE;
10330052;PODENSAC ASC;
10330078;PONGISTES ARTIGUAIS;
10330098;PUGNAC TT CLUB;
10330043;RAQUETTE GUJANAISE;
10330013;SA MERIGNAC;
10330002;SAG CESTAS;
10330022;SAINT LOUB PING;
10330032;SAM TT LESPARRE;
10330017;TT ANDERNOS-ARES;
10330082;TT BIGANOS;
10330018;TT BRAUD;
10330129;TT CASTELNAUDAIS;
10330130;TT DU SAUVETERROIS;
10330009;TT FARGUAIS;
10330128;TT ST MAIXANT VERDELAIS;
10330031;U S MIOSSAISE PING PONG;
10330028;UNION ATH. CADILLACAISE;
10330020;UNION ST JEAN;
10330123;US BAZAS TT;
10330045;US BOUSCATAISE Tennis de Table;
10330080;US BRANNE Ping Pong;
10330030;US CENON;
10330011;US TALENCE;
10330073;USTT PAREMPUYRE;
11340067;AGDE TENNIS DE TABLE;
11340001;AMTT MEZE;
11340075;ANIANE TENNIS DE TABLE;
11340065;ASPTT SETE TENNIS DE TABLE;
11340061;ASTT BALARUC;
11340069;BALLATAK;
11340060;BEZIERS TENNIS DE TABLE;
11340018;CASTELNAU LE LEZ MJC;
11340079;CASTELNAU LE LEZ TENNIS DE TABLE;
11340053;CAUX TENNIS DE TABLE;
11340013;CHEMINOT MONTPELLIER TT;
11340049;CLERMONT L HERAULT TT;
11340047;COURNONTERRAL TT;
11340073;FOYER RURAL D'ABEILHAN;
11340076;FOYER RURAL DE VAILHAUQUES;
11340014;GIGEAN ASM;
11340040;LAVERUNE FRTT;
11340033;LE CAYLAR PPC;
11340008;LE CRES SALAISON T.T.;
11340035;LESPIGNAN PPC;
11340059;LUNEL TENNIS DE TABLE;
11340066;MARSEILLAN TT;
11340022;MAUGUIO MJC;
11340017;MONTADY CAPESTANG TT;
11340010;MONTPELLIER TT;
11340007;PEROLS PPC;
11340072;POMEROLS FRTT 34;
11340012;PRADES ST GELY TT;
11340080;SERIGNAN TENNIS DE TABLE;
11340003;ST FELIX DE LODEZ FR TT;
11340077;TENNIS DE TABLE CLARETAIN;
11340078;TT BOUSQUET D'ORB FR;
11340071;TT34 SAUVIAN;
11340042;VENDARGUES T.T.;
3350142;A.S.T.T.ORGERES;
3350215;AS TT BREAL;
3350231;AS TT SCIERIE MOBILE DE BRETAGNE;
3350021;AURORE DE VITRE TT;
3350119;BAILLE CLUB SPORTIF;
3350091;BAIN DE BRETAGNE U.S.;
3350161;BETTONNAIS C.S.;
3350207;BRECEENNE RAQUETTE;
3350023;BRETEILLAISE T.T. ASS.;
3350030;BRUZ AMICALE LAIQUE;
3350016;CESSON O.C.;
3350127;CHANTEPIE A.S.;
3350160;CHAPELLE DES FTZ ACSL;
3350041;CHARTRES ESPERANCE;
3350095;CHATEAUGIRON T.T.;
3350009;CJF / SAINT-MALO U.P.;
3350031;CLAYES TENNIS DE TABLE;
3350233;CORPO 35 TT;
3350010;ENTENTE SPORTIVE ERBREENNE TT;
3350221;FREMUR PONGISTE;
3350087;GEVEZE AS;
3350044;GOVENNAIS T.T.;
3350025;GRANIT BLEU T.T.;
3350026;GUIGNEN A.C.P.V.V.;
3350122;HAUTE VILAINE TT;
3350130;IFFENDIC E.S.;
3350027;ILLE ET RANCE TT;
3350092;JACQUOLANDIN Tennis de Table;
3350199;JANZEENS VOLONTAIRES;
3350090;LA MELORIENNE;
3350003;LA MEZIERE A.S. T.T.;
3350227;LA RICHARDAIS PING;
3350102;LAILLE TT US;
3350029;LANGON ESPERANCE SPORTIVE;
3350110;LE VERGER TENNIS DE TABLE;
3350217;LES JEUNES D'ARGENTRE TT;
3350225;LES P'TITES RAQUETTES DE LOUVIGN;
3350125;LIEURON AVENIR;
3350067;LIFFRE U.S.;
3350137;LOUVIGNE C.S.;
3350050;MEDREAC-QUEDILLAC U.P.;
3350048;MELESSE PING;
3350169;MESSAC GUIPRY U.S;
3350047;MONTAUBAN DE BRETAGNE O.C.;
3350136;MONTFORT T.T.;
3350063;MONTGERMONT T.T.;
3350183;MORDELLES J.A.;
3350042;NONAISIENNE US T.T.;
3350222;OLYMPIC MONTREUIL LANDAVRAN;
3350065;PACE/ST GREGOIRE T.T. ENT.;
3350066;RAQUETTE D OR A.T.T.;
3350049;RENNES AVENIR;
3350036;RENNES C.H.R.;
3350011;RENNES CERCLE PAUL BERT;
3350001;RENNES MUNICIPAUX A.S.;
3350014;RENNES TOUR D AUVERGNE;
3350074;ROZ-BAGUER U.P.;
3350223;SAINT JOUAN TENNIS DE TABLE;
3350054;SAINT MEDARD T.T.;
3350226;SAINT-DIDIER CHATEAUBOURG TT;
3350212;SPORTING CLUB LE RHEU;
3350132;ST AUBIN DU CORMIER ASSA TT;
3350148;ST GILLES U.S.;
3350210;T.T. BOURG DES COMPTES;
3350045;TAILLIS ST CHRISTOPHE BOIS ES;
3350113;TALENSAC PONGISTE CLUB;
3350156;TENNIS DE TABLE GUERCHAIS;
3350055;TENNIS DE TABLE REDON;
3350060;THORIGNE-FOUILLARD T.T.;
3350203;TT BAULON ST THURIAL;
3350224;TT DU PAYS DE GRAND FOUGERAY;
3350209;TT FOUGERES-JAVENE-LECOUSSE;
3350022;U.S. VERN;
3350232;US CHANTELOUP TENNIS DE TABLE;
3350150;US TREMBLAY;
4360340;A S P O CHATEAUROUX;
4360341;A.T.T. CHABRIS;
4360481;A.T.T. LUANT;
4360569;AS.SICMA TT.;
4360727;ASS.TT AMBRAULT;
4360721;ASTT PRUNIERS;
4360454;BERRICHONNE-CHATEAUROUX;
4360605;C.2T MARTIZAY;
4360453;CLUB PONGISTE VATANAIS;
4360343;CLUB PONGISTES BUZANCEENS;
4360723;CLUB.PONGISTE. SAINT CYPRIEN;
4360724;CORPO36 TENNIS DE TABLE;
4360005;CP. LEVROUX;
4360726;CTT REUILLOIS;
4360002;CTT.DEOLS;
4360653;LA CHATILLONNAISE TENNIS DETABLE;
4360009;PING PONG CLUB ISSOLDUNOIS;
4360729;THEO PING VILLEDIEU TT;
4360124;TT.BRENNE LE BLANC;
4360725;US AIGURANDE SECTION TT;
4360728;US LE POINCONNET;
4360707;US SAINT MAUR;
4360315;US TENNIS DE TABLE LA CHATRE;
4360123;US.ARGENTON;
4370002;4S TOURS T.T.;
4370102;A.C. AMBOISE;
4370583;A.P. ABILLY;
4370690;A.P. ST SENOCH;
4370146;A.S MONTLOUIS-SUR-LOIRE;
4370183;A.S. FONDETTES;
4370681;A.S. LUYNES T.T.;
4370289;A.S. SAVONNIERES;
4370478;A.S. VERETZ TT;
4370708;A.S.C. B.N.P. TOURS;
4370030;A.S.P.T.T. TOURS;
4370425;A.S.T.T. de CASTELVALERIE;
4370011;A.S.T.T. ESVRES;
4370442;A.T.T. AZAY-SUR-CHER;
4370596;A.T.T. LANGEAIS-CINQ-MARS;
4370691;A.T.T.ST ANTOINE DU ROCHER;
4370727;AS BANQUE POPULAIRE VAL FRANCE;
4370724;ASTT CHEMILLE SUR DEME;
4370729;ASTT DE SORIGNY;
4370731;ASTT DU NAIS;
4370533;Azay-Le-Rideau ESRTT;
4370548;BEAUJARDIN BORDS DU CHER TOURS;
4370004;C.E.S. TOURS;
4370669;C.P. VEIGNE;
4370151;C.S.MEMBROLLAIS Tennis de Table;
4370723;CORPO 37;
4370439;E.S. LA VILLE-AUX-DAMES TT;
4370637;E.S. OESIENNE;
4370396;ES AMBILLOU;
4370498;LARCAY TENNIS DE TABLE;
4370608;P.L. PAUL BERT TOURS;
4370015;P.P.C. ST MARTIN LE BEAU;
4370284;R.C. BALLAN;
4370001;R.S. ST CYR-SUR-LOIRE;
4370307;SAINTE-MAURE TENNIS DE TABLE;
4370625;ST MICHEL T.T.;
4370269;ST-AVERTIN SPORTS TT;
4370013;T.T. BLERE VAL DE CHER;
4370566;T.T. JOUE-LES-TOURS;
4370682;T.T. METTRAY;
4370349;T.T. MONTS ARTANNES;
4370656;T.T. SAINT GENOUPH;
4370709;T.T. SEMBLANCEEN;
4370465;TENNIS DE TABLE BENAISIEN;
4370615;TENNIS DE TABLE BOUCHARDAIS;
4370132;TENNIS DE TABLE CHINONAIS;
4370694;TT CORMERY-TRUYES;
4370464;TT PARCAY-MESLAY;
4370730;TT STE CATHERINE DE FIERBOIS;
4370698;TTC du LOCHOIS;
4370033;U.S. CHAMBRAY-LES-TOURS;
4370549;U.S. GENILLE T.T.;
4370024;U.S. RENAUDINE T.T.;
4370346;U.S. VERNOU SUR BRENNE;
4370038;U.S.E. AVOINE-BEAUMONT;
4370167;US LA RICHE TENNIS DE TABLE;
1380108;A L ST MARTIN LE VINOUX;
1380057;A.S. CROSSEY Tennis de Table;
1380284;AL ECHIROLLES-EYBENS TT;
1380076;AS FONTAINE;
1380084;ASPTT GRENOBLE T T;
1380233;C.S.C. CHARVIEU CHAVAGNEUX;
1380236;CENTR ISERE TT;
1380262;CHIMILIN ABRETS PONT TT CAPTT;
1380293;CLUB PONGISTE CHAPELAND;
1380241;CTT CHAMP SUR DRAC;
1380273;DOMARIN TENNIS DE TABLE;
1380286;ESPOIR DU GUIERS TENNIS DE TABLE;
1380290;GRESIVAUDAN BELLEDONNE TT;
1380292;JCOR JANNEYRIAS Tennis de Table;
1380287;LA VAILLANTE TULLINS FURES;
1380164;MJC VERNIOZ;
1380225;MORESTEL TENNIS DE TABLE;
1380300;MPT 4 montagnes VILLARD DE LANS;
1380296;OLYMPIQUE SAINT-QUENTINOIS;
1380298;OYEU TENNIS DE TABLE;
1380256;PONGISTES LILOTS;
1380045;RHODIA CLUB;
1380189;ST ROMAIN DE JALIONAS;
1380173;T T PONTCHARRA;
1380005;T.T. BOURGOIN JALLIEU;
1380199;T.T. DU GRESIVAUDAN;
1380068;T.T. IZERON;
1380130;T.T. SEYSSINOIS;
1380181;TECHE TENNIS DE TABLE;
1380297;TENNIS DE TABLE LEMPSIQUOIS;
1380246;Tennis de Table Tignieu;
1380303;Tennis de Table VILLEFONTAINE;
1380056;TT LA TRONCHE MEYLAN GRENOBLE;
1380260;TT RUY MONTCEAU;
1380157;TT ST JEAN DE MOIRANS;
1380136;TT ST JEANNAIS;
1380117;TT URIAGE;
1380098;U.S.T.T. SASSENAGE;
1380302;US MEYRIEU TT;
1380028;US ST EGREVE T.T.;
1380267;VARCES VIF Tennis de table;
1380275;VAULX-MILIEU TT;
2390002;AL LONS LE SAUNIER;
2390027;AS ENT SP ET LOISIRS GEVRY;
2390003;AS MOUCHARD;
2390001;ASC LONGCHAUMOIS;
2390046;ASNANS BEAUVOISIN TT;
2390091;ASPTT DOLE FOUCHERANS;
2390095;CCSVA TENNIS DE TABLE;
2390082;ENTENTE ANDELOT SIROD;
2390007;ESPERANCE LEDONIENNE;
2390010;FOYER RURAL DE DAMPIERRE;
2390080;FOYER RURAL DE VERCIA;
2390089;JURA MOREZ TENNIS DE TABLE;
2390022;MJC DOLE;
2390094;TENNIS DE TABLE CONLIEGE;
2390013;TENNIS DE TABLE DE CENSEAU;
2390098;UNION SPORTIVE BLETTERANOISE TT;
2390067;VADANS;
10400026;AS GEAUNE TT;
10400013;AS HOSSEGOR T.T;
10400004;BISCARROSSE OLYMPIQUE TT;
10400016;CAM TT MORCENX;
10400008;CLUB SANGUINETOIS TT;
10400003;CLUB TDT FRECHOIS;
10400009;F.R. DE HINX;
10400018;FOYER RURAL DE GAMARDE;
10400002;J D ARC DE DAX;
10400025;PING PONG MEZOSSAIS;
10400027;SA ST SEVER TT;
10400001;STADE MONTOIS;
10400021;TENNIS TABLE MIMIZANNAIS;
10400015;TT BOUGUE - LAGLORIEUSE;
10400024;US POMAREZ TT;
10400010;VIOLETTE ATURINE;
4410567;A.J.S.BRACIEUX;
4410636;AMICALE CH.BLOIS;
4410080;AMO.MER TT.;
4410467;AP.LA CHAPELLE VENDOMOISE;
4410507;AS ROTO SPORTS;
4410697;AS.CHAILLES TT.;
4410718;ASC.VILLERBON;
4410696;AZE TENNIS DE TABLE;
4410466;BLOIS PING 41;
4410586;C.T.T.OUCHAMPS;
4410217;CATHL ST LAURENT NOUAN;
4410728;CORPO TT 41;
4410390;CREDIT AGRICOLE;
4410594;ECHO SPORTIF MULSANS;
4410615;ES. VILLEFRANCHE/S/CHER;
4410015;ESC.COUR CHEVERNY TT;
4410065;FL ST AIGNAN;
4410418;HUMANISPORT 41;
4410726;L'AIGLE SELLOIS TT;
4410537;LA CHAUSSEE ST.VICTOR;
4410083;LES PONGISTES DU VENDOMOIS;
4410729;PING SASSAY LOISIRS;
4410546;PP.ST-GEORGES/CHER;
4410016;S.C. MOREE;
4410017;SALBRIS SOLOGNE TT.;
4410469;SMS.ROMORANTIN;
4410724;TT DES COLLINES DU PERCHE;
4410730;TT VALLEES LOIR ET BRAYE;
4410543;US. CHOUZY Tennis de Table;
4410279;USC.ST-SULPICE;
4410612;VINEUIL SPORTS / SUEVRES TT;
1420055;AEC SORBIERS;
1420014;AEC UNIEUX;
1420112;AL BOEN;
1420140;AL FRAISSES TT;
1420110;AL TT CHARLIEU;
1420123;AS LA VALLA EN GIER;
1420148;AS POUILLY LES NONAINS TT;
1420166;AS VILLEREST TENNIS DE TABLE;
1420025;ASPTT ST ETIENNE;
1420164;Avant Garde St Etienne T.T.;
1420237;CTT LE PUY - CHADRAC;
1420151;ENT FEURS CIVENS TT;
1420165;Entente ASS-ASC-TT CHAZELLES;
1420036;ES ROCHE MOLIERE;
1420017;ETOILE DE MONTAUD ST ETIENNE;
1420124;FJEP METARE;
1420006;Gaz Elec Omnisports St ETIENNE;
1420088;JA GENILAC;
1420012;JA VIOLAY;
1420108;L HORME TT;
1420078;LA FEUILLANTINE;
1420152;LOIRE NORD TT;
1420138;LPBB St Galmier;
1420018;MJC RIVE DE GIER;
1420155;PING PONG CLUB GERMANOIS;
1420167;RETOURNAC T. T.;
1420013;REVEIL CHAMBONNAIRE;
1420156;ROANNE MABLY TENNIS DE TABLE;
1420149;SAINT CHAMOND TT;
1420153;SAINT CHRISTO/ST ROMAIN TT;
1420154;ST HEAND TT;
1420305;T.T HAUT-LIGNON;
1420240;T.T.VERGONGHEON;
1420070;TCT MONTBRISON;
1420163;TENNIS DE TABLE VEAUCHE;
1420210;TENNIS DE TABLE YSSINGELAIS;
1420162;TT Andrézieux boutheon saint cyp;
1420141;TT BRIENNON;
1420299;TT BRIVADOIS;
1420144;TT CHAUFFAILLES LES SALEVE;
1420009;TT CRAPONNE/ARZON;
1420106;TT GRAND CROIX;
1420003;TT LL DUNIERES;
1420309;TT MALREVERS BLAVOZY;
1420048;TT MONTROND LES BAINS;
1420128;TT PELUSSIN;
1420160;TT PONTRAMBERTOIS;
1420291;TT ST JUST MALMONT;
1420080;TT ST PRIEST EN JAREZ;
1420117;TT VILLARS;
1420307;UP Monistrol Ste-sigolène;
12440101;AIGREFEUILLAIS C.P.;
12440080;ALCATEL ATLANTIQUE;
12440026;ANCENIS TENNIS DE TABLE;
12440229;AS EURO INFORMATION NANTES;
12440088;ASBR;
12440092;ASCEE;
12440012;ASGEN CORPO TT;
12440112;ASLOCRAM;
12440105;ATSCAF LOIRE ATLANTIQUE;
12440279;BERNERIE (LA);
12440054;BESNE DONGES T.T.;
12440032;BLAIN TENNIS DE TABLE;
12440081;BOUAYE A.L.;
12440154;BOUEE Tennis de Table;
12440025;BOUSSAY T.T.C.;
12440015;BRIERE T.T.;
12440149;BRISSONNEAU;
12440160;BRIVET T.T.;
12440048;CARQUEFOU A.L.C.E.P.;
12440033;CHAPELAINE (LA);
12440070;CHATEAU THEBAUD;
12440030;CHATEAUBRIANT TENNIS TABLE;
12440073;CHAUMES EN RETZ TT;
12440262;CHEVROLIERE DU LAC TT;
12440035;COMMERCANTS (LES);
12440140;CORCOUEENNE;
12440193;COTE D AMOUR T.T.;
12440236;COTELOISE TT MAUMUSSON;
12440034;COUERON T.T.;
12440016;COUETS (LES);
12440221;CREDIT MUTUEL ASCM TT;
12440083;EDUCATION NATIONALE;
12440218;ENTENTE PONGISTE SUD LOIRE;
12440191;GAVRE (LE) T.T.;
12440238;GOULAINE TENNIS DE TABLE;
12440158;GRANDCHAMP T.T.;
12440263;GUEMENE PONGISTES;
12440039;HAIE FOUASSIERE (LA) T.T.C;
12440031;HERIC T.T.;
12440097;INDRE A.T.T.;
12440009;JOVEENNE LANGUEUROISE E.S.;
12440167;LANDREAU TT;
12440185;LEGE A.S.T.T.;
12440076;LIGNE A.S.T.T.;
12440052;LOISIRS ET CULTURE;
12440104;LOROUX BOTTEREAU(LE)CEPOLO;
12440066;MACHECOUL;
12440277;MARSACAIS TENNIS DE TABLE;
12440166;MAUVES TT;
12440210;MEDIDENT;
12440144;MESANGER T.T.;
12440174;MICROCHIP;
12440113;MINDIN;
12440014;MISSILLAC TTC;
12440094;MONTAGNE (LA) A.S.C.;
12440197;MONTOIR ST MALO TT;
12440142;MOUZILLON E.T.T.;
12440093;NANTES AS CHU;
12440001;NANTES ASCBG;
12440011;NANTES ASPTT;
12440271;NANTES BANQUE POPULAIRE;
12440276;NANTES IBP;
12440147;NANTES LE BAUT TT;
12440004;NANTES MELLINET (LA);
12440270;NANTES MUNICIPAUX;
12440017;NANTES RACC;
12440116;NANTES ST JOSEPH T.T.;
12440058;NANTES ST MEDARD DOULON;
12440281;NANTES TENNIS DE TABLE;
12440148;NANTES TOUTES AIDES - ASTA;
12440059;NORT SUR ERDRE N.A.C.T.T.;
12440141;ORVAULT SPORT TENNIS DE TABLE;
12440028;PAIMBOEUF C.P.;
12440139;PALLET (LE) TT;
12440055;PAZENAISE T.T.;
12440074;PELLERIN (LE);
12440051;PENHOET U.M.;
12440151;PETIT MARS T.T.;
12440056;PONT ST MARTIN U.S.;
12440013;PORT ST PERE T.T.A.C.;
12440064;POULIGUEN (LE);
12440195;PRESQU ILE T.T.;
12440019;REZE AEPR;
12440020;REZE TENNIS DE TABLE;
12440182;SAFFRE TREFFIEUX TT AS;
12440275;SAUNIER DUVAL;
12440067;SAVENAY ASP TT;
12440111;SERCEL;
12440023;SORINIERES (LES);
12440071;SOUDAN T.T.;
12440029;ST BREVIN T.T.;
12440075;ST COLOMBAN T.T.;
12440274;ST ETIENNE TENNIS DE TABLE;
12440008;ST HERBLAIN A.S.H.;
12440024;ST HERBLAIN T.T.;
12440225;ST HERBLON ATT;
12440138;ST JULIEN TENNIS DE TABLE;
12440282;ST MARS LA JAILLE TENNIS TABLE;
12440152;ST MARS LE CELLIER;
12440199;ST MICHEL CHEF CHEF TTMT;
12440041;ST NAZAIRE AIRBUS;
12440134;ST NAZAIRE COSTA;
12440049;ST NAZAIRE LEON BLUM TT;
12440266;ST NAZAIRE TENNIS DE TABLE;
12440227;ST PERE EN RETZ;
12440087;ST PHILBERT T.T.;
12440021;ST SEBASTIEN P.P.C.;
12440129;ST-NAZAIRE CHEMINOTS;
12440131;STE GENERALE;
12440084;STE LUCE T.T.;
12440176;SUCE SUR ERDRE;
12440239;SUD VILAINE GOELANDS;
12440060;TAN T.T.;
12440099;TEILLE C.P.;
12440136;THOUARE TT;
12440283;TONUS SYSTEME U;
12440117;TOUCHES (LES);
12440125;TREILLIERES A.L.;
12440038;TRIGNAC TENNIS DE TABLE;
12440260;TT CLISSONNAIS;
12440127;VARADES A.S.C.P.;
12440259;VERTOU ASPV;
12440042;VIEILLEVIGNE A.P.;
12440206;VILLENEUVE EN RETZ TT;
12440258;WIRQUIN TT;
4450752;AS GMF;
4450614;AS ST LYE LA FORET TT;
4450758;ASL CHRO TT;
4450768;ASTT CHAINGY;
4450155;BNP PARIBAS ORL/SARAN ASC;
4450734;BRGM CLUB OMNISPORTS;
4450702;CERCLE JULES FERRY TT;
4450617;CHAILLY LORRIS VM TT;
4450733;CHANTEAU USM TT;
4450759;CHATEAUNEUF TT;
4450580;CL UXELLOIS TT;
4450616;CLERY ST ANDRE AAS;
4450753;CLUB MAGDUNOIS TT;
4450754;CLUB PONGISTE DU GATINAIS;
4450571;CMPJM INGRE TT;
4450763;CORPO 45 TT;
4450748;CRAVANT SL;
4450659;CREDIT AGRICOLE;
4450762;DADONVILLE TT;
4450772;DARVOY TENNIS DE TABLE;
4450429;DONNERY TT;
4450295;ENTENTE BAULOISE TT;
4450144;ETOILE BALGENTIENNE TT;
4450585;FAMAR ASL;
4450187;FEDERAL MOGUL;
4450760;FEROLLES VIENNE TT;
4450108;GIEN AS TT;
4450362;HUMANISPORT;
4450031;IBM ORLEANS;
4450417;J3 TT AMILLY;
4450267;JOHN DEERE SARAN OMSP.;
4450712;L'HIRONDELLE;
4450309;LA SOURCE AL;
4450413;LAILLY CA TT;
4450561;MENESTREAU-EN-VILLETTE;
4450036;MONTARGIS CP;
4450576;NEUVILLE SPORTS TT;
4450059;ORLEANS USOPOC;
4450661;ORMES EVEIL SPORTIF;
4450186;OSSLO;
4450750;PANNES PPH;
4450589;PATAY CP;
4450450;PICASSO CHALETTE CS;
4450751;PING ST JEAN 45;
4450210;PUISEAUX AS;
4450706;SARAN USM;
4450184;SEMOY ASTT;
4450285;ST JEAN DE BRAYE - SMOC;
4450026;ST MARCEAU ORLEANS TT;
4450757;SUD LOIRE TT 45;
4450118;THELEM ASSURANCES;
4450756;TOP SPIN 45;
4450773;UNITE SPORTIVE FERTESIENNE;
4450663;US CHAPELLOISE TT;
4450192;US ORLEANS Tennis de Table;
4450573;US SANDILLON TT;
4450410;USM OLIVET TENNIS DE TABLE;
4450737;VENNECY AS TT;
11460010;CAHORS TENNIS DE TABLE;
11460028;CLUB OMNISPORT DEGAGNAC;
11460029;FAYCELLES PING;
11460027;LIMARGUE FIGEAC SAINT-CERE TT;
11460023;MJC GOURDON TT;
11460022;SOUILLAC ATHLE 46 TT;
11460017;TT BRETENOUX-BIARS;
11460021;TT CRAYSSACOIS;
11460024;TT CRESSENSACOIS;
11460012;TT PRAYSSACOIS;
10470005;A L NERAC;
10470014;ASTA-PING;
10470004;FUMELOISE TENNIS DE TABLE;
10470003;LAGRUERE-LE MAS-CALONGES;
10470021;MONFLANQUIN TT;
10470009;PPC VILLENEUVE;
10470002;RAQUETTE CLAIRACAISE;
10470007;RAQUETTE MARMANDAISE;
10470001;S U AGENAIS T T;
10470026;TONNEINS PING;
10470006;TT PASSAGEOIS;
11480022;AUMONT TT;
11480028;CANOURGUE TENNIS DE TABLE;
11480036;CHANAC TENNIS DE TABLE;
11480027;EVEIL MENDOIS TENNIS DE TABLE.;
11480037;FOYER RURAL DE LA MALENE;
11480019;GRANDRIEU FR;
11480006;MARVEJOLS TT;
11480002;ST AMANS FR;
11480020;ST CHELY TT;
12490055;ALLONNES VILLEBERNIER;
12490010;AMBILLOU CHATEAU ASVR TT;
12490067;ANDARD BRAIN Entente Sp.;
12490134;ANDREZE-BEAUPREAU TT;
12490034;ANGERS MONPLAISIR;
12490029;ANGERS ST LEONARD;
12490073;ANGERS VAILLANTE Sports TT;
12490063;AVRILLE Ass. Sportive;
12490044;BAUGE Olympique;
12490129;BAUNE ESVB TT;
12490115;BEAUCOUZE Sporting Club;
12490117;BEGROLLES EN MAUGES Régina;
12490107;BELLEVIGNE LES CHTX TT (St Cyr);
12490004;BOISSIERE-BOUZILLE MARILLAIS TT;
12490038;BOUCHEMAINE TT ANJOU;
12490043;BOURGNEUF-STE CHRISTINE TT;
12490018;CANDE SOCTT;
12490019;CHACE-DISTRE-VARRAINS PING;
12490068;CHALONNES Tennis de Table;
12490088;CHEMILLE Olympique T.T.;
12490017;CHOLET ASPTT;
12490132;CHOLET TENNIS DE TABLE;
12490026;CORNE TTC;
12490047;CORPO PING 49;
12490021;DURTAL Les;
12490106;ECOUFLANT ASTTE;
12490052;ETRICHE-CHAMPIGNE TT Entente;
12490127;FENEU Tennis de Table;
12490024;FIEF SAUVIN (LE) - CB;
12490008;GESTE Espoir;
12490131;JARZE ES TENNIS DE TABLE;
12490069;LONGUE Athlétic Club;
12490039;LONGUENEE ATTL;
12490074;MARTIGNE BRIAND A.S.;
12490124;MAY-JALLAIS ENT. tennis table;
12490092;MAZE AUTHION TENNIS DE TABLE;
12490057;MONTREUIL JUIGNE As.Pongis;
12490070;MONTREVAULT-MONTLIMART TT;
12490080;MURS ERIGNE ASITT;
12490128;NUEIL TENNIS DE TABLE;
12490122;OREE D'ANJOU TT;
12490093;PELLOUAILLES AC;
12490048;PLESSIS GRAMMOIRE (LE)-ASC;
12490006;POMJEANNAIS Tennis de Table;
12490076;PONTS DE CE (LES) - AAEEC;
12490023;POUEZE-LOUROUX - UP;
12490003;ROCHEFORT-BEAULIEU T.T.;
12490040;ROMAGNE (LA) - S.S.;
12490001;SARRIGNE Loisirs Détente;
12490037;SAUMUR TTSC;
12490002;SEGRE Ent.Sport Haut Anjou;
12490059;SEGUINIERE (LA) TT;
12490123;SOULAIRE ET BOURG PING PONG;
12490120;ST ANDRE DE LA MARCHE TT;
12490062;ST BARTHELEMY T2T;
12490046;ST GEORGES S/LOIRE U SPORT;
12490066;ST GERMAIN SUR MOINE EPM;
12490061;ST MACAIRE EN MAUGES ASPM;
12490098;ST MELAINE-MOZE LOIRE-AUBANCE TT;
12490035;ST PHILBERT ASP;
12490031;ST SATURNIN S/L. U.S.P.L;
12490033;ST SYLVAIN D ANJOU ASTT;
12490058;STE GEMMES S/LOIRE R.G.;
12490060;TESSOUALLE (LA) - E.A.;
12490030;TIERCE A.S.T.T.;
12490014;TORFOU Vaillants;
12490022;TRELAZE Foyer Espérance;
12490020;TREMENTINES Avenir Tennis Table;
12490064;VERNANTES Reveil Vernantais;
12490036;VIHIERS Foyer Laique;
12490113;VILLEDIEU LA BLOUERE T.T.;
12490032;VILLEVEQUE SOUCELLES ASC;
12490027;VIVY-GENNES Entente;
9500069;ASC DU TERTRE;
9500059;Avenir TT DUCEY AVRANCHES;
9500122;BORDS DE VIRE AS;
9500153;BREHAL SAEL TT;
9500011;BRICQUEBEC UC;
9500027;CARANTILLAISE JS;
9500058;CARENTANAIS CL;
9500130;CAROLLES-JULLOUVILLE ES;
9500030;CHERBOURG ASTT;
9500009;CHERBOURG US;
9500160;COTE DES ISLES TT;
9500013;COUTANCES JA TT;
9500063;DONVILLAISES USM;
9500012;EQUEURDREVILLE UST;
9500132;GAVRAY AL;
9500139;GOUVILLE-COUTAINVILLE ENT;
9500031;HAYLANDE ES;
9500107;HAYTILLON SM;
9500082;HEBECREVON ES;
9500025;ISIGNY-MONTIGNY ENT P;
9500023;ISIGNY/ST PELLERIN TT;
9500163;LA FEUILLIE CREANCES TT;
9500121;LA GLACERIE US TT;
9500124;LES PIEUX AAGIR;
9500015;MONTEBOURG SAEL;
9500131;MORTAINAISE ENT TT;
9500022;Olympique Club d'AGNEAUX;
9500161;PERIERS SPORTS TT;
9500157;PONTORSON TT AL;
9500093;QUERQUEVILLAISE ASTT;
9500112;SAINT HILAIRE/PARIGNY;
9500048;SAINT JAMES TT;
9500053;SAINT JEAN DES CHAMPS RC;
9500003;SAINT LO PL;
9500117;SAINT PAIR BRICQUEVILLE TT;
9500159;SAINT PIERRE EGLISE TT;
9500162;SIOUVILLE HAGUE ATTLC;
9500043;ST MARTIN DE LANDELLES TT;
9500111;ST POISIENNE A;
9500010;STE MARIE STE MERE ES;
9500087;STE SUZANNE ESP;
9500088;TEILLEULAIS TT;
9500154;TERREGATTE BEUVRON TT;
9500073;TORIGNAISE ESTT;
9500164;TOURLAVILLE CL TENNIS DE TABLE;
9500143;URVILLE-NACQUEVILLE ASS TT;
9500014;VILLEDIEU CS;
6510077;CS BETHENY TT;
6510074;BARBONNE TENNIS DE TABLE;
6510004;CHALONS ASPTT;
6510015;CHALONS JA;
6510112;CHALONS-EN-CHAMPAGNE TT;
6510110;CHEPY ASCJ;
6510067;CLOYES AL;
6510054;COMPERTRIX FTT;
6510002;COURTISOLS VOLONT;
6510020;EPERNAY-PLIVOT PPC;
6510062;FERE-CHAMPENOISE TT;
6510009;FISMES ARDRE VESLE US;
6510071;FRIGNICOURT PING PONG CLUB;
6510105;GIVRY-EN-ARGONNE ATPP;
6510029;GRAUVES TT;
6510107;GUEUX TINQUEUX ASTT;
6510069;JONCHERY SUR VESLE PPC;
6510058;LES MESNEUX ASC;
6510090;MAREUIL PIERRY PP;
6510114;MOURMELON Tennis de Table;
6510111;PRINGY FAMILLES RURALES;
6510018;REIMS ASPTT;
6510001;REIMS OLYMPIQUE TT;
6510082;SAINTE MENEHOULD VVV;
6510040;SC MESNILOIS;
6510064;SERMAIZE Les Jeunes;
6510053;SEZANNE TENNIS DE TABLE;
6510042;ST BRICE COURCELLES ASSBC;
6510019;TAISSY ASTT;
6510008;TOURS SUR MARNE TENNIS DE TABLE;
6510051;VITRY TOP;
6510036;VRAUX JUVIGNY RC;
6520002;CHALINDREY CS;
6520004;CHANCENAY-SLO TT;
6520022;CHAUMONT ECAC;
6520003;EURVILLE BIENVILLE Jeunes;
6520047;MONTIGNY LE ROI AJP;
6520054;NOGENT ASNTT;
6520001;ST DIZIER CSB;
12530105;AMBRIÉRES TTC;
12530127;ARON Sports Loisirs;
12538909;ASTILLÉEN Tennis de Table;
12530090;AZÉ Tennis de Table;
12530001;BACONNIÉRE (La) TENNIS DE TABLE;
12530109;BAIS T.T;
12538910;BAZOGE-MONTPINÇON (la) T.T;
12530021;BAZOUGERS/BAZOUGE DE CHEMERE;
12538908;BIGOTTIÈRE (La) USTT;
12530020;BONCHAMP Entente Sportive;
12530008;BOURGNEUF/ST OUEN TTIC;
12530060;CHANGÉ Union Sportive;
12530062;CHAPELLE ANTHENAISE U.S;
12530042;CHAPELLE CRAONNAISE F.J;
12530147;CHATILLON S/COLMONT Amicale;
12530124;CHATRES LA FORET C.F.L;
12530025;CHEMAZÉ TT;
12530116;CHÂTEAU GONTIER Hôpital;
12530018;CHÂTEAU GONTIER Tennis de Table;
12530051;COMMER Étoile Bleue;
12530136;CONTEST ST BAUDELLE;
12530101;Corpo 53 Tennis de Table;
12530087;COSSÉ LE VIVIEN;
12530023;COURCITÉ AS;
12530054;CRAON E.S;
12530055;CROIXILLE L Etoile (la)ES;
12530096;DÉSERTINES ASTT;
12530017;ERNÉENNE Sport Tennis de Table;
12530016;EVRON Alerte;
12530010;FORCÉ US;
12530015;FOUGEROLLES DU PLESSIS TTC;
12530005;GASTINES CUILLÉ AS;
12530074;GENNES SUR GLAIZE A.S.T.T;
12530079;GORRONNAIS Tennis de Table;
12530038;GREZ EN BOUÉRE C.P;
12530065;HAIE TRAVERSAINE U.S.L (la);
12530088;HOUSSAY Espérance;
12530077;IZÉ Étoile Sportive;
12538899;JUBLAINS A.S.J.T.T;
12530003;LAIGNÉ ASTT;
12530068;LARCHAMP MONTAUDIN T.T;
12538903;LASSAY Tennis de Table S.C;
12530007;LAVAL ATSCAF;
12530114;LAVAL BOURNY Tennis de Table;
12530022;LAVAL Francs Archers;
12530120;LE GENEST;
12530106;LE HORPS Union Sportive;
12530064;LOIRON RUILLÉ CATT;
12530035;LOUVERNÉ TT;
12530041;MARCILLÉ US;
12530036;MAYENNE Club Athlétique;
12530078;MESLAY DU MAINE Tennis de Table;
12530070;MONTJEAN Tennis de Table;
12530112;MONTSURS USC;
12530093;MOULAY Sport T.Table;
12530059;NUILLÉ l'HUISSERIE;
12538911;PING PASSION PAYS DES AVALOIRS;
12530099;POMMERIEUX Éclair Sports;
12530026;PORT BRILLET;
12530048;PRÉ EN PAIL Intrépide;
12530108;RENAZÉEN Tennis de Table;
12530119;RUILLÉ FROID FONDS P.P.C;
12530072;SACÉ MARTIGNÉ AS;
12530061;SELLE CRAONNAISE(la)S.L;
12530146;SIMPLÉ COSMES AS;
12530050;SOULGÉ ARGENTRÉ Entente;
12530011;ST AIGNAN SUR ROË Espoir;
12530033;ST BERTHEVIN LA TANN. AS;
12530058;St BERTHEVIN/St LOUP-53 US;
12530144;ST DENIS D ANJOU Éclair;
12530098;ST DENIS DE GASTINES J.G;
12538907;ST FORT Tennis de Table;
12538904;ST FRAIMBAULT A.J.S.F T.Table;
12530084;ST GEORGES SUR ERVE;
12530121;ST PIERRE DES LANDES T.T;
12530117;ST PIERRE DES NIDS A.S;
12530095;ST PIERRE LA COUR Club Pongiste;
12530081;ST QUENTIN LES ANGES T.Table;
12538900;STE GEMMES Loisir Détente;
12530049;TRANS ST THOMAS E.S;
12530067;VAIGES T.T;
12530046;VALLÉE D'ORTHE U.S;
12530063;VAUTORTE A.S;
6540171;AFFLEVILLE ASC;
6540104;AUDUN LE ROMAN ASTT;
6540193;BACCARAT ABTT;
6540135;BAINVILLE AUX MIROIRS F.R.;
6540075;BAYON Tennis de Table;
6540001;BLAINVILLE DAMELEVIERES AC;
6540108;BLENOD MONTAUVILLE TT;
6540007;BRIEY U.S. Tennis de Table;
6540187;CHAMPIGNEULLES Tennis de Table;
6540088;CHANTEHEUX-CROISMARE TT;
6540197;CUTRY Tennis de Table;
6540068;DIEULOUARD F.J.E.P.;
6540020;DOMBASLE STT;
6540008;ESSEY LES NANCY T.T.;
6540010;FOUG C.P.;
6540190;FRAIMBOIS FOYER RURAL;
6540011;FROUARD O.F.P.;
6540056;HEILLECOURT LOISIRS RENCON;
6540115;HERIMENIL T.T.;
6540014;HERSERANGE ASTT;
6540199;HOUDEMONT ATT;
6540184;JARNISY TENNIS DE TABLE;
6540016;LAXOU AMICALE L.EMILE ZOLA;
6540055;LAY SAINT CHRISTOPHE TTLSC;
6540192;LONGLAVILLE TT;
6540019;LONGUYON E.S.L.;
6540082;LUDRES FLAVIGNY TT;
6540021;LUNEVILLE A.L.T.T.;
6540047;MALLELOY F.J.E.P.;
6540151;MERCY LE BAS F.E.P.;
6540028;NANCY ASPTT-JARVILLE Jeune;
6540043;NANCY S.L.U.C.;
6540032;NEUVES MAISONS TT;
6540128;PONT A MOUSSON A.S.T.T.;
6540034;SAINT MAX T.T.H.R.;
6540076;SEICHAMPS E.P.;
6540157;ST NICOLAS DE PORT PPCP;
6540200;TELLANCOURT ASC;
6540097;TIERCELET M.J.C.;
6540036;TOUL ECROUVES ASCTT;
6540160;VANDOEUVRE ASCI;
6540198;VANDOEUVRE ASTT;
6540194;VILLERS LA MONTAGNE FEP;
6540040;VILLERS LES NANCY C.O.S.;
6540111;VILLEY SAINT ETIENNE MJC;
6550007;ANCERVILLE M.J.C.;
6550001;BAR LE DUC;
6550003;COMMERCY P.P.C.;
6550034;ETAIN R.A.S.S.;
6550020;FAINS LES SOURCES AEL;
6550052;LIGNY EN BARROIS T.T.;
6550026;MONTMEDY P.P.C.M.;
6550005;SAINT MIHIEL P.P.C.;
6550009;STENAY P.P.C.;
6550013;VERDUN S.A.V.T.T.;
3560034;A.J.K. VANNES;
3560053;A.L. PLOEMEUR;
3560060;A.P. PLUNERET/MERIADEC;
3560005;A.S.P.T.T. VANNES;
3560027;AJONCS D OR ST-NOLFF;
3560086;ARGOET STT ELVEN-MONTERBLANC;
3560094;ARMORICAINE DE PEAULE;
3560090;ASSP SAINT PHILIBERT;
3560014;B.O. QUESTEMBERT;
3560019;BAUD TENNIS DE TABLE;
3560085;CEP LORIENT;
3560046;CERCLE SPORTIF QUEVENOIS;
3560031;CLEGUER TENNIS DE TABLE;
3560016;CLUB SPORTIF FAOUETAIS;
3560025;CTT ERDEVEN-BELZ;
3560049;CTT VANNES MÉNIMUR;
3560037;E.D.P. LANESTER;
3560017;E.P. CAMPENEAC;
3560020;E.S PLESCOP T.T;
3560054;E.S. SAINT-AVE;
3560088;EP BEIGNON;
3560063;ESPERANCE ST-JEAN BREVELAY;
3560050;F.C. DE ST-RAOUL;
3560045;F.C.J. CAUDAN;
3560002;F.L. KERYADO LORIENT;
3560059;F.L. LANESTER;
3560044;F.L.E.P. PORT-LOUIS;
3560033;F.O.L.C. LORIENT OUEST;
3560007;G.S.A. BRANDERION;
3560039;GARDE DU VOEU HENNEBONT;
3560091;GOLFE TT 56-PLOEREN/ARRADON;
3560093;GUERLEDAN TT-MUR DE BRETAGNE;
3560072;JEANNE D ARC PLEUCADEUC;
3560043;KERVIGNAC TENNIS DE TABLE;
3560057;LA RAQUETTE GUEGONNAISE;
3560064;LA RAQUETTE MELECIENNE-PLUMELEC;
3560012;LEOPARDS DE PLOERMEL;
3560051;LUTINS DE LANGONNET;
3560006;MUZILLAC TT;
3560071;PLOURAY TENNIS DE TABLE;
3560096;PONT-SCORFF GESTEL TT;
3560087;PONTIVY-MALGUENAC TT;
3560013;PRESQU ILE TT QUIBERON;
3560097;QUESTEMBERT CF TT;
3560052;RAQUETTE D'OUST DE PEILLAC;
3560032;RAQUETTE GUISCRIVITTE;
3560036;SENE TENNIS DE TABLE;
3560038;T. T. DU PAYS DE LOCMINE;
3560056;T.T. GOURINOIS;
3560055;T.T. LA GUIDELOISE;
3560022;TENNIS DE TABLE THURIALAIS;
3560066;TT GUEMENE S/SCORFF;
3560092;TT RHUYS-SARZEAU;
3560028;U.S. PLOUAYSIENNE;
3560023;USSAC- US ST ABRAHAM;
6570070;AMNEVILLE Tennis de Table;
6570177;AUDUN LE TICHE JSA;
6570102;BASSE HAM ALPA;
6570180;BEHREN LES FORBACH TT;
6570174;BERTRANGE-DISTROFF TT;
6570078;CLOUANGE T.T.;
6570088;CREUTZWALD E.P.;
6570191;CREUTZWALD Tennis de Table;
6570005;FAULQUEMONT E.S.C.;
6570027;FORBACH U.S.T.T.;
6570057;FREYMING-ST MAURICE CCL;
6570007;HAGONDANGE E.S.;
6570125;HAYANGE U.S.T.H. T.T.;
6570179;HUNDLING C.P.H.;
6570075;ILLANGE USTT;
6570158;KNUTANGE-NILVANGE TT;
6570168;KONACKER HAYANGE S.L.;
6570008;L HOPITAL P.P.C.;
6570202;LANGATTE Eden Pongiste;
6570107;MAIZIERES LES METZ T.T.;
6570014;MANOM J.S.;
6570184;MARANGE SILVANGE PPC;
6570175;METZ GRANGE AUX BOIS AS;
6570190;METZ Tennis de Table;
6570015;MONTIGNY LES METZ T.T.;
6570060;MORSBACH Sarre et Moselle ASTT;
6570169;MOULINS LES METZ FC;
6570016;NEUFGRANGE;
6570018;OBERGAILBACH U.P.;
6570200;PHALSBOURG TT;
6570132;PTIT-RED & ENCHEN TT;
6570193;REMILLY Tennis de Table;
6570146;ROHRBACH BINING TT;
6570137;ROUHLING CTT;
6570188;ROUSSY LE VILLAGE TT;
6570019;SAINT AVOLD C.T.T.;
6570154;SAINT JEAN KOURTZERODE LJ;
6570201;SAINT JULIEN LES METZ TT;
6570111;SARREBOURG TT;
6570022;SARREGUEMINES A.S.T.T.;
6570181;SCHMITTVILLER ATT;
6570093;SCHOENECK T.T.;
6570199;SIERCK SLPTT;
6570030;SPICHEREN C.S.N.;
6570167;ST JEAN ROHRBACH ALPR;
6570140;STE MARIE AUX CHENES ASPTT;
6570073;TERVILLE FLORANGE OCTT;
6570024;THIONVILLE TT;
6570159;VERGAVILLE F.R.;
6570173;VIC SUR SEILLE EP;
6570037;VOLMUNSTER F.J.;
6570029;WILLERWALD A.S.;
2580006;AS VARZY;
2580012;ASA VAUZELLES;
2580052;ATT POUILLY SUR LOIRE;
2580078;AVENIR SPORTIF DE ST ELOI;
2580076;C.O.SAINCAIZE-MEAUCE;
2580084;CORPO NIEVRE;
2580010;ELAN NEVERS;
2580007;ESPERANCE DE ST LEGER;
2580019;Foyer Rural TT CHEVENON;
2580091;LE PING CORBIGEOIS;
2580042;MJC IMPHY;
2580089;SPORT LOISIR COMMUNAL;
2580093;TENNIS DE TABLE DE GARCHIZY;
2580017;UNION COSNOISE SPORTIVE;
2580031;US COULANGES LES NEVERS;
2580035;US LA CHARITE TENNIS DE TABLE;
2580067;US MOULINS ENGILBERT TT;
7590412;AIX ESPACE EN PEVELE;
7590176;ANICHE TT;
7590065;ANNOEULLIN TT;
7590151;ANOR PPC;
7590258;ANZIN AS TT;
7590004;ARMENTIERES FJEP;
7590218;ASSEVENT PPC;
7590228;ATTICHES ASTT;
7590075;AUBERS RAQUETTE;
7590107;AUBY ETT;
7590403;AULNOY SPORT TENNIS DE TABLE;
7590223;BAILLEUL TT;
7590336;BAISIEUX TT;
7590363;BAVAY TT;
7590426;BEAUFORT TT;
7590120;BEUVRY LA FORET TT;
7590331;BOURBOURG SCTT;
7590021;BOUSBECQUE TT/WERVICQ SUD;
7590132;BOUSIES TT;
7590361;BRAY DUNES TT;
7590112;BRUAY SUR ESCAUT PPC;
7590231;BRUILLE CTT;
7590149;BUGNICOURT AL;
7590033;CAESTRE TTC;
7590250;CAMBRAI CP;
7590413;CAPPELLE EN PEVELE TT;
7590040;CAPPELLE LA GRANDE TT;
7590123;CAUDRY CP;
7590419;CLARY TENNIS DE TABLE;
7590184;COMINES PPC;
7590013;CONDE SUR ESCAUT TT;
7590122;COUDEKERQUE-BRANCHE TT;
7590271;COURCHELETTES AP;
7590417;COUSOLRE ASPP;
7590251;CREVECOEUR-LESDAIN-RUES A;
7590053;CROIX ASVH;
7590114;CUINCY ATT;
7590422;DEULEMONT WARNETON TT;
7590008;DOUAI TT;
7590428;DOUCHY LES MINES TTC;
7590050;DUNKERQUE TTAB;
7590088;ENGLOS TT;
7590171;ENNETIERES-EN-WEPPES ASL;
7590423;ERQUINGHEM LYS ATTE;
7590061;ESCAUDAIN ASTT;
7590338;ESCAUDOEUVRES TT;
7590055;ESTAIRES-LA GORGUE EP;
7590078;ESTREUX EPSC;
7590074;FACHES-THUMESNIL TT;
7590260;FAUMONT AS;
7590036;FEIGNIES ATT;
7590082;FERRIERE LA GRANDE CSTT;
7590014;FLINES LEZ RACHES PPC;
7590002;FONTAINE NOTRE DAME ATT;
7590020;FOURMIES PPC;
7590195;FRESNES SUR ESCAUT TT;
7590235;FRETIN CFTT;
7590116;GONDECOURT AL;
7590024;GRAND-FORT-PHILIPPE TTC;
7590063;GRANDE-SYNTHE O TT;
7590034;GRAVELINES US TT;
7590332;GUESNAIN ATT;
7590106;HALLENNES LEZ HAUBOURDIN;
7590018;HALLUIN TT;
7590414;HANTAY FJEP;
7590379;HASPRES USTT;
7590005;HAUBOURDIN CTT;
7590067;HAUTMONT USTT;
7590080;HEM PPC;
7590400;HERGNIES CTT;
7590404;HERIN USTT;
7590269;HORNAING TT;
7590351;HOUPLINES AC;
7590237;HOYMILLE TT;
7590204;INCHY-BEAUMONT UP;
7590105;JEUMONT PPC;
7590425;LA CHOQUE TTLC;
7590376;LA LONGUEVILLE PPC;
7590071;LA MADELEINE US;
7590259;LAMBERSART CTT;
7590086;LANDRECIES TTC;
7590162;LE CATEAU CJTT;
7590244;LECELLES TT;
7590170;LEERS OMNISPORT STT;
7590164;LESQUIN ASLTT;
7590345;LEVAL SUR SAMBRE US;
7590281;LEWARDE PPC;
7590140;LIGNY EN CAMBRESIS TT;
7590276;LILLE ATSCAF;
7590041;LILLE CREDIT MUTUEL AS;
7590051;LILLE LOSC TENNIS DE TABLE;
7590009;LILLE METROPOLE TENNIS DE TABLE;
7590098;LILLE SA OREFI;
7590102;LINSELLES TT;
7590044;LOMME CP;
7590429;LOMPRET DECATHLON TT;
7590057;LOOS SPORT TT;
7590127;LYS LILLE METROPOLE CP;
7590293;MARCQ EN BAROEUL TT;
7590049;MARLY TTM;
7590141;MARQUETTE SMS TT;
7590153;MASTAING TT;
7590177;MAUBEUGE UTT;
7590012;MERIGNIES T.T.;
7590173;MONS TT;
7590016;MONTIGNY EN OSTREVENT CTT;
7590087;NEUVILLE EN FERRAIN PP;
7590263;NIEPPE TT;
7590131;ONNAING TT;
7590137;ORCHIES AL;
7590048;PERENCHIES US;
7590011;PETITE-SYNTHE SM;
7590099;POIX DU NORD ASTT;
7590424;PRADELLES ASTT;
7590182;PROVILLE ASL;
7590410;QUESNOY SUR DEULE TT;
7590409;QUIEVRECHAIN ASQTT;
7590043;RADINGHEM EN WEPPES AS;
7590047;RAILLENCOURT STE OLLE TTC;
7590113;RAIMBEAUCOURT PPC;
7590046;RECQUIGNIES PPC;
7590118;RENAULT DOUAI AS;
7590215;RONCHIN EP;
7590194;RONCQ ULJAP;
7590058;ROOST-WARENDIN-DMF AS;
7590126;ROUBAIX AP;
7590256;SAINT-AMAND TT;
7590393;SALOME TT;
7590100;SANTES CTT;
7590395;SARRASIN FAMARS TTS;
7590372;SARS POTERIES/BEUGNIES PPC;
7590416;SEBOURG PPC (DE L'AUNELLE);
7590313;SECLIN PPP;
7590023;SEQUEDIN OSMS TT;
7590027;SIN LE NOBLE TT;
7590310;SOLESMES TT;
7590089;ST ANDRE USTT;
7590054;ST HILAIRE LEZ CAMBRAI TT;
7590411;ST POL/MER AMICALE PONGISTE;
7590031;ST REMY DU NORD CP;
7590402;STEENBECQUE FRJEP;
7590175;TEMPLEMARS-VENDEVILLE EP;
7590288;TETEGHEM CTT;
7590007;THUMERIES AGT;
7590354;TOUFFLERS TT;
7590072;TOURCOING AJJ;
7590017;TOURCOING JG;
7590076;TOURCOING JP BOURGOGNE;
7590327;TOURCOING TTBS;
7590352;TRELON TT;
7590347;TRITH ST LEGER CO;
7590392;VALENCIENNES USTT;
7590315;VIESLY TT;
7590038;VILLENEUVE D'ASCQ CARSAT TT;
7590427;VILLENEUVE D'ASCQ DECATHLON TT;
7590068;VILLENEUVE D'ASCQ FOS;
7590093;VILLEREAU CDJ;
7590006;WAMBRECHIES CAFP;
7590430;WARGNIES-LE-GRAND TTGA;
7590390;WASQUEHAL TT;
7590003;WATTIGNIES PPC;
7590156;WATTRELOS ALT;
7590069;WATTRELOS US SACL;
7590415;WICRES TT;
7590374;WORDLINE SECLIN TT;
7590130;WORMHOUT AS TT;
9610130;Pongiste Club BELLEMOIS;
9610039;ALENCON ALC;
9610009;ALENCON ETOILE;
9610002;ARGENTAN BAYARD;
9610073;ARGENTAN OL;
9610031;ATHIS CTT;
9610135;AUBE/CRULAI/L'AIGLE TT;
9610104;AUBUSSON ASCF;
9610055;AVENIR DE CHANDAI Tennis de Tabl;
9610108;BAILLEUL ATT;
9610056;BRIOUZAIN OC;
9610131;COEUR PERCHE AP;
9610017;DOMFRONT TT;
9610035;DURCET Avenir;
9610101;FAVEROLLES US;
9610004;FLERIEN TT;
9610043;FLERS ASEGO;
9610115;LA BAROCHE S/S LUCE ASB;
9610034;LA COULONCHE ASL;
9610012;LA FERRIERE AUX ETANGS J;
9610142;LA FERTE FRESNEL SPOTT;
9610122;LA FERTE MACE ALTT;
9610138;LE SAP TT;
9610127;LONGNY-AU-PERCHE ALTT;
9610106;LONLAY ABI;
9610095;LOUGE ST BRICE ES;
9610097;MANTILLY US;
9610107;MEDAVY AS;
9610119;MORTAGNAISE USTT;
9610144;NONANTAIS TT;
9610136;PAYS MELOIS ET D'ESSAY ENT TT;
9610040;PUTANGES US;
9610123;SAINT PAUL LOISIRS;
9610087;ST GERMAIN DU CORBEIS ATT;
9610037;ST HONORINE LA CHARDONNE F.;
9610077;ST OUEN S/ITON TT;
9610093;ST PIERRE DU REGARD AS;
9610148;ST SULPICE ST MARTIN ASTT;
9610011;TINCHEBRAY PSJ;
9610015;VIMOUTIERS MJC;
7620064;ALLOUAGNE AL;
7620057;ANNEQUIN TT;
7620168;ANVIN TT;
7620048;ARLEUX EN GOHELLE ASDL;
7620096;ARQUES ES;
7620031;ARRAS TENNIS DE TABLE;
7620016;AUBIGNY EN ARTOIS SC;
7620177;AUCHY LES HESDIN TT ALCIAQUOIS;
7620100;AVION TT;
7620077;BALINGHEM ALFJP;
7620184;BEAURAINS AL;
7620051;BERCK TT;
7620067;BETHUNE-BEUVRY ASTT;
7620049;BILLY BERCLAU TT;
7620042;BILLY MONTIGNY TT;
7620140;BOIS-BERNARD AL;
7620046;BOULOGNE SUR MER ABCP;
7620090;BOULOGNE SUR MER EURVIN;
7620005;BULLY LP;
7620169;BURBURE TT;
7620027;CALAIS OLYMPIQUE TT;
7620139;CALAIS-BALZAC TT;
7620173;CAMIERS ALCR TT;
7620186;CAMPAGNE LES BOULONNAIS ASL;
7620104;CARVIN ATT;
7620130;COQUELLES TT;
7620165;COUPELLE-NEUVE FR;
7620080;CUCQ ASP;
7620176;DAINVILLE ASTT;
7620088;DIVION ASTT;
7620052;DOUVRIN CSFM;
7620037;EPERLECQUES TLTT;
7620153;ESSARS TT;
7620069;ETAPLES ASTT;
7620072;FOUQUIERES-LES-LENS CTT;
7620010;FREVENT TENNIS DE TABLE;
7620183;HAISNES-HULLUCH TT;
7620036;HAMBLAIN LES PRES TT;
7620180;HINGES ASTT;
7620058;ISBERGUES MJEP;
7620121;LA COUTURE TTLRV;
7620060;LABOURSE TT;
7620162;LAPUGNOY ASC;
7620103;LAVENTIE OSTT;
7620185;LE PORTEL AP;
7620011;LE TOUQUET TAC;
7620119;LEFOREST TT;
7620187;LENS ST PAUL AEP;
7620131;LENS TT;
7620112;LIBERCOURT CP;
7620017;LIEVIN USA Tennis de Table;
7620150;LOISON-SOUS-LENS ASTT;
7620004;LONGFOSSE VL;
7620015;LONGUENESSE AL;
7620040;LOOS EN GOHELLE TT;
7620044;MARCK PPC;
7620038;MARQUISE ASTT;
7620062;MAZINGARBE MAEJS;
7620082;MEURCHIN ESPOIR TT;
7620145;NOEUX LES MINES CL FJEP;
7620063;NOYELLES GODAULT PPC;
7620054;NOYELLES GODAULT TTSM;
7620154;NOYELLES/LENS EP;
7620019;OUTREAU APB;
7620079;OYE-PLAGE TTC;
7620078;PONT A VENDIN ALTT;
7620065;PONT DE BRIQUES TT;
7620178;PREURES-ZOTEUX FR;
7620002;QUIERY LA MOTTE CTT;
7620007;QUIESTEDE TT;
7620056;RANG DU FLIERS AL;
7620087;RINXENT-HYDREQUENT TT;
7620108;SAILLY LABOURSE TT;
7620149;SAILLY SUR LA LYS TT;
7620111;SAINT LAURENT BLANGY TTI;
7620143;SAINT MARTIN AU LAERT AS;
7620182;SAINT-HILAIRE COTTES CPP;
7620181;SAINT-OMER-HELFAUT TT;
7620110;SAINTE CATHERINE LEZ ARRAS ASTT;
7620151;SAINTE MARIE KERQUE USTT;
7620032;SAMER T T;
7620175;SORRUS TT;
7620018;TATINGHEM AL;
7620024;TILLOY LES MOFFLAINES TT;
7620092;VENDIN LES BETHUNE FJEP;
7620147;VIOLAINES TT;
7620061;WIMEREUX ALEB;
7620047;WINGLES CLL;
7620029;WITTES US;
7620028;WIZERNES CP;
1630320;A. MIREFLEURS TT;
1630125;A.L. LUSSAT tennis de table;
1630134;A.L. PAUL BERT;
1630249;A.T.T. AULNAT;
1630054;AEP NOHANENT;
1630322;AL CHAMPEIX TT;
1630301;AL GERZAT;
1630325;AL PARENT TENNIS DE TABLE;
1630243;Amicale Pongiste Ennezat;
1630015;ASTTRE RIOM;
1630005;ATSCAF CLERMONT-FD;
1630308;ATT PUY-GUILLAUME;
1630281;ATT SAINT BABEL;
1630078;C L COURNON;
1630303;CL CHAPDES-COMBRAILLES;
1630298;DLV TT AYDAT;
1630261;E. CEYRAT;
1630333;FAL BEAUREGARD L'EVEQUE;
1630145;FCS LA ROCHE BLANCHE;
1630287;FJEP LEMPDES;
1630317;FRATERNELLE DES VOLCANS VOLVIC;
1630329;JOB TT;
1630085;P P C AMBERT;
1630121;P.P.C. ORLEAT;
1630059;ST ELOY LES MINES A.L;
1630123;STADE CLERMONTOIS;
1630327;SURAT FOYER RURAL;
1630114;Tennis de Table de GELLES;
1630182;TENNIS DE TABLE DES COMBRAILLES;
1630334;TENNIS DE TABLE RANDAN;
1630184;TT BILLOM;
1630185;TT CASTELPONTIN;
1630330;TT COURPIEROIS;
1630318;TT LA TOUR D'AUVERGNE;
1630191;TT LE CENDRE;
1630310;TT PESCHADOIRES;
1630332;TT ROMAGNAT;
1630289;TTS DUROLLIEN;
1630012;U.S. ISSOIRE TT;
1630241;U.S. MARTRES DE VEYRE TT;
1630014;U.S.C. LEZOUX;
1630009;US CH. CLERMONT-FD;
1630331;UTT PASLIERES;
1630307;VEYRE-MONTON TT;
10640004;A. LESCARIENNE TT;
10640012;BERNADETS TENNIS DE TABLE;
10640019;CROISES ST ANDRE BAYONNE;
10640010;F.R MONEIN;
10640015;FJEP SALIES DE BEARN;
10640001;GOELANDS DE BIARRITZ;
10640006;JURANCON T.T.;
10640024;L'EPONGISTES P.B.C;
10640008;MAHAIN JOKO HASPARREN;
10640003;SECTION PALOISE-ASPTT TT;
10640013;TENNIS DE TABLE SOULETIN;
10640014;TT BIRON-ORTHEZ;
10640017;TT HENDAYAIS;
10640011;TT OLORON HB;
10640023;VATH VIELHA TT;
11650018;A.S.C.AUREILHAN;
11650026;AMICALE PONGISTE D ANDREST;
11650014;CLUB TENNIS TABLE LOURDAIS;
11650004;E S POUZACAISE;
11650016;E.S. DES BARONNIES;
11650034;TARBES ODOS PYRENEES TT;
11650017;TT CAMALES;
11660020;ARGELES/ALBERES ENTENTE;
11660001;CANOHES TOULOUGES TENNIS DE TABL;
11660008;COTE VERMEILLE TT;
11660024;ELNAVUI TT;
11660031;ENT VALLESPIR TENNIS DE TABLE;
11660032;MILLAS TENNIS DE TABLE;
11660013;OMSL BOURG MADAME TT;
11660009;PERPIGNAN ROUSSILLON TENNIS DE T;
11660011;PERPIGNAN ST GAUDERIQUE TT;
11660041;PRADES CONFLENT CANIGO TT;
11660003;RIVESALTES CTT;
11660038;Saint Cyprien Tennis de Table;
11660021;TENNIS DE TABLE CLUB LAURENTIN;
11660007;THUIR TT;
11660040;TT VILLENEUVE DE LA RAHO;
11660019;US TORREILLES US TT;
6670200;A.S. ALCATEL LUCENT ILLKIRCH;
6670257;AMICALE PONGISTE WOLXHEIM;
6670261;Avenir Kochersberg TT;
6670221;BARR Tennis de Table;
6670219;BEINHEIM C.T.T.B.;
6670058;BENFELD LAURENTIA S.S.C.;
6670207;BERSTETT T.T.;
6670203;BETSCHDORF TT;
6670043;BRUMATH UNITAS Tennis de Table;
6670247;CHATENOIS C.C.A.;
6670078;Compagnie Transports Strasbourg;
6670107;CREDIT MUTUEL AS;
6670149;DORLISHEIM SD;
6670233;DRULINGEN T.T;
6670271;DURRENBACH ATTD;
6670003;ECKBOLSHEIM;
6670129;ERGERSHEIM FCJ;
6670201;ESCHAU CTT;
6670183;FCJ BOOTZHEIM;
6670274;FESSENHEIM LE BAS ASCS;
6670194;GERSTHEIM CSD;
6670246;GRIESHEIM DINGSHEIM TT;
6670115;GUNDERSHOFFEN P79;
6670160;HAGUENAU T.T.;
6670195;HANAU Tennis de Table;
6670273;HAUTE BRUCHE Tennis de Table;
6670216;HOERDT T.T.;
6670254;Hôpitaux Universit. Strasbourg;
6670014;ILLKIRCH GRAFFENSTADEN AP;
6670114;KESKASTEL TT;
6670276;KOGENHEIM TT St Léger;
6670212;LEUTENHEIM C.T.T.;
6670256;LILLY AS Tennis de Table;
6670268;MARIENTHAL ASC CONCORDIA TT;
6670248;MARMOUTIER CSE;
6670171;OBENHEIM CTT;
6670122;OBERNAI CA;
6670275;OSTHOFFEN FC;
6670027;ROSHEIM CA;
6670269;ROSSFELD U.T et de LOISIRS;
6670260;SARRE-UNION CTT;
6670010;SCHILTIGHEIM SU TT;
6670272;SCHILTIGHEIM Tennis de Table;
6670187;SCHIRRHEIN-SCHIRRHOFFEN CSCSN;
6670141;SELESTAT CCA;
6670178;SOUFFEL TT;
6670066;SOULTZ SOUS FORETS TT;
6670064;STRASBOURG AS EUROMETROPOLE;
6670011;STRASBOURG CHEMINOTS ASCS;
6670092;STRASBOURG ELECTRICITE AS;
6670270;STRASBOURG EUROMETROPOLE TT;
6670045;STRASBOURG RC;
6670002;STRASBOURG ST JEAN CS 1852;
6670072;STRASBOURG ST JOSEPH;
6670265;Union Sportiv.Egalitaire Neudorf;
6670267;VAL DE MODER 77 CTT;
6670202;WISSEMBOURG TTNA;
6670041;ZORN TT HOCHFELDEN;
6680120;ANDOLSHEIM Tennis de Table;
6680128;BERGHEIM CSS;
6680080;COLMAR AJE;
6680119;COLMAR C.C.C. T.T.;
6680004;COLMAR MJC;
6680123;ENSISHEIM T.T.M.C;
6680059;HORBOURG-WIHR TT;
6680102;HUNINGUE TTC;
6680091;ILLZACH TTSJB;
6680090;INGERSHEIM SSSA;
6680071;ISSENHEIM TT;
6680140;KEMBS TT;
6680139;LAUTENBACH SCHWEIGHOUSE U.S;
6680115;MULHOUSE C.C.C. T-T;
6680006;MULHOUSE FC;
6680105;MULHOUSE TENNIS DE TABLE;
6680020;OSTHEIM CPPC;
6680011;RIXHEIM PPA;
6680125;ROSENAU TT;
6680082;SAINT-LOUIS TT;
6680138;SOULTZ CSM TT;
6680111;THANN TENNIS DE TABLE CLUB;
6680130;VAL de LIEPVRE ASL;
6680116;WINTZFELDEN TT;
6680118;WITTELSHEIM MDPA TT;
1690034;ACEL COUZON;
1690147;AF CRAPONNE;
1690004;AL CHAMPAGNE;
1690031;AL CHARREARD VENISSIEUX;
1690006;AL COURS LA VILLE;
1690002;AL CROIX ROUSSE;
1690201;AL IRIGNY TT;
1690062;AL VAISE SERIN;
1690141;ALBIGNY TENNIS DE TABLE;
1690155;AMICALE ST IRENEE;
1690079;AMPLEPUIS TTC;
1690104;AS CALUIRE ET CUIRE;
1690185;AS GREZIEU TT;
1690001;AS MARCY CHARBONNIERES;
1690167;AS MORNANT TT;
1690184;AS POMEYS TT;
1690008;AS STE LYON BANQUE;
1690215;AS TENNIS DE TABLE LYON 6ème;
1690027;ASC B N P PARIBAS;
1690199;ASCE ST BONNET DE MURE;
1690150;ASTT VIENNE ST ROMAIN EN GAL;
1690175;ASUL Lyon 8 Tennis de Table;
1690052;AUVR RILLIEUX;
1690196;BRON TT;
1690112;CHAMPAGNE TT;
1690090;CHARCOT STE FOY LES LYON;
1690041;CLUB ARBRESLOIS PONGISTE;
1690207;Club Pongiste Mioland;
1690211;Club Pongiste PUSIGNAN;
1690105;Club Pongiste ST PRIEST;
1690014;CO ST FONS;
1690197;CORBAS TENNIS DE TABLE;
1690169;CP CHAMBOST LONGESSAIGNE;
1690064;CP GIVORS;
1690123;CSAN TARARE TENNIS TABLE;
1690109;ECULLY Tennis de Table;
1690212;ENT PONG BELLEVILLE-CHALEINS;
1690220;ENT ST GENOISE;
1690138;ES GENAS AZIEU;
1690013;ES JONAGE Tennis de table;
1690102;ES MESSIMY;
1690040;ESPERANCE DE BRIGNAIS;
1690058;FJEP MEYZIEU;
1690156;FR SOUZY;
1690030;FRAT. OULLINS;
1690047;JA CALUIRE;
1690186;LYON 7 TT GERLAND;
1690224;LYON EST SPORT TENNIS DE TABLE;
1690218;MONTS D'OR TENNIS DE TABLE;
1690222;PIERRE BENITE TENNIS DE TABLE;
1690160;PL VILLETTE PAUL BERT;
1690154;PONTCHARRA - ST FORGEUX TT;
1690076;QUINCIEUX TENNIS DE TABLE;
1690103;RHONE SPORTIF;
1690181;TASSIN CLUB PONGISTE;
1690225;tennis club MONTROTTIER ALBIGNY;
1690194;TOUR ATHLETIC CLUB;
1690005;TT CHAZAY D AZERGUES;
1690206;TT COLOMBIER SAUGNIEU;
1690166;TT RHÔNE - GARON;
1690107;TT ST GENIS LAVAL;
1690029;US CHEMINOTS LYON;
1690192;US MONTANAY PONGISTE;
1690221;VAL D'OZON TENNIS DE TABLE;
1690162;VALENC'IN PIERRE TT;
1690023;VILLEFRANCHE TTCAV;
1690223;VILLEURBANNE TENNIS DE TABLE;
2700018;AL GRAY;
2700036;AML CHAMPLITTE;
2700094;ASTT BUCEY LES GY;
2700087;CLUB J RADDON BREUCHOTTE;
2700077;CTT VALLONS FLEURIS;
2700002;ETOILE MOTTE VESOUL;
2700009;ETOILE SPORTIVE JUSSEY TT;
2700046;LA SAUTERELLE SAULX;
2700074;LE VAL ST ELOI TT - LA BANNIE;
2700030;NOIDANS TENNIS DE TABLE;
2700014;SAINT LOUP SUR SEMOUSE;
2700015;T T SERVANCE MELISEY;
2700075;TENNIS DE TABLE RONCHAMP;
2700085;TT FOUGEROLLAIS;
2700093;TT LURE CLAIREGOUTTE;
2700089;TT PORT-VAIVRE-ASPTT VESOUL;
2700005;VAUVILLERS TENNIS DE TABLE;
2710049;AS ST VINCENT-BRAGNY;
2710023;ASL CHATENOY;
2710048;ATT DU BREUIL;
2710082;BRESSE PING - TENNIS DE TABLE;
2710025;CHAGNY TENNIS DE TABLE;
2710008;CHALON TENNIS DE TABLE;
2710083;CLUB PONGISTE MONTCELLIEN;
2710051;E.P.L.R. CHARNAY;
2710005;FC GUEUGNON;
2710041;J.S. OUROUX TT;
2710085;KING PONG BRESSAN;
2710002;MACON TT;
2710035;MONTCHANIN TT;
2710036;SAINT REMY T.T.;
2710084;SENNECEY LE GRAND TENNIS DE TABL;
2710071;T.T. HAUT MACONNAIS;
2710072;TT AS SOMME-LOIRE;
2710067;UP CREUSOT VARENNES;
2710042;VAILLANTE AUTUN-TT;
12720034;ANILLE BRAYE ABTT;
12720079;ARCONNAY TT;
12720008;ARNAGE US;
12720133;ASSE LE BOISNE TT;
12720041;BONNETABLE P;
12720091;CHAMPAGNE ESP;
12720051;CHANGE TT;
12720021;CHATEAU DU LOIR ASCC;
12720078;CONNERRE-LOMBRON MJ;
12720028;COULAINES JS;
12720092;DEGRE JS;
12720067;ETIVAL T.T.;
12720111;FAY USL;
12720029;FERCE US;
12720110;FOULLETOURTE T.T.;
12720144;LA CHAPELLE ALTT;
12720102;LA CHARTRE A.P.;
12720042;LA FERTE VS;
12720056;LA FLECHE USF TT;
12720108;LA MILESSE TTA;
12720049;LA SUZE ES;
12720052;LAIGNE ST GERVAIS CO;
12720148;LE BREIL PING PONG CLUB;
12720081;LE GRAND LUCE USTT;
12720023;LE MANS ASPTT;
12720004;LE MANS S.O MAINE;
12720104;LE MANS SARTHE TENNIS DE TABLE;
12720002;LE MANS U.S.M.;
12720050;LE MANS VILLARET GSOS TT;
12720066;MAMERS CS;
12720020;MARESCHE E.P. 138;
12720150;MAROLLES LES BRAULTS;
12720141;MAYET VIGILANTE TT;
12720070;MEZIERES S PONTHOUIN AS;
12720147;MONCE TENNIS DE TABLE;
12720117;MONTFORT TT;
12720016;MULSANNE PPC;
12720151;NEUFCHATEL EN SAOSNOIS;
12720071;PARCE TT;
12720027;PARIGNE L'EVEQUE TTC;
12720128;PING ENTREPRISE 72;
12720145;PONTVALLAIN TT;
12720009;RUAUDIN TENNIS DE TABLE;
12720120;SABLE TENNIS DE TABLE;
12720084;SAINT PAVACE AS/NEUVILLE;
12720005;SAINTE JAMME TT;
12720048;SAVIGNE L EVEQUE TT;
12720127;SILLE DU PAYS T.T.C.;
12720068;SOUVIGNE AS;
12720062;SPAY CP;
12720143;ST OUEN EN BELIN;
12720044;TELOCHE TT;
12720058;TRANGE Tennis de Table ASLC;
12720134;VALLON US TENNIS DE TABLE;
12720045;VIBRAYE ASTT;
12720006;YVRE L EVEQUE E.P.;
1730077;C.P ST JEAN DE MAURIENNE;
1730068;CHAMBERY TENNIS DE TABLE;
1730089;Club Tennis Table BELLEY-YENNE;
1730007;ELAN DU BIOLLAY TENNIS DE TABLE;
1730076;ENTENTE AIX GRESY TT;
1730074;OLYMPIC CLUB TENNIS TABLE;
1730090;PING ROCHETTOIS;
1730083;ST GENIX - DOMESSIN T.T.;
1730033;T.T. LA BATHIE;
1730051;T.T. LA MOTTE SERVOLEX;
1730048;TT ALBERTVILLE;
1740038;Annecy Cran-Gevrier Meythet TT;
1740065;ANNECY LE VIEUX - SILLINGY TT;
1740003;ANNECY TENNIS DE TABLE;
1740077;ASSOC. PONGISTE VUACHE;
1740069;Club de Tennis de Table de POISY;
1740047;CLUSES TENNIS DE TABLE;
1740010;CRUSEILLES TT;
1740091;CSL BONS EN CHABLAIS;
1740044;CSTT CHAMONIX;
1740001;ENTENTE PONGISTE AMBILLY;
1740011;EVIAN SPORTS TENNIS DE TABLE;
1740087;FILLIERE TENNIS DE TABLE;
1740057;PAYS ROCHOIS & GENEVOIS TT 74;
1740080;PING DE MARGENCEL;
1740075;PING GAILLARDIN;
1740063;SALLANCHES TT;
1740060;SEYNOD TENNIS DE TABLE;
1740020;STELLA THONON;
1740090;TT LES GECKOS;
1740045;TTC RUMILLY;
8751412;A S VIETNAM;
8750325;ALLIANZ ASC;
8751058;AMICALE MANIN SPORTS PARIS-EST;
8751177;AP 17;
8750100;APSAP PARIS;
8750098;AS AEROPORT DE PARIS;
8750117;AS BANQUE DE FRANCE;
8751450;AS FFTT;
8751265;AS PONGISTES 8ème;
8750400;AS RUSSE;
8750060;ASORTF;
8750153;ASPTT PARIS;
8751457;ASSOCIATION LIN NAM;
8751460;Association Sportive New SFR;
8751260;ATT XV;
8750292;BNP PARIBAS;
8751271;CPS 10ème;
8751455;CSL NOUVELLE FRANCE;
8751231;CSLG KELLERMANN;
8750007;CSM FINANCES;
8750487;EP 15;
8750074;ESPERANCE REUILLY;
8750064;GENERALI SPORT ET CULTURE;
8751311;INSEE PARIS CLUB;
8751461;INSEEC U.TT;
8750249;J A M PARIS 14e;
8750120;JUMP;
8751459;LEPIC POPULAIRE;
8751458;MATCH POINT;
8750209;NATIXIS BRED;
8751163;PARIS 13 TENNIS DE TABLE;
8751124;PARIS IX ATT;
8751371;Patronage Sainte Mélanie;
8751456;PING PARIS 14;
8751061;SPORTING PARIS 20 TT;
8751453;TENNIS DE TABLE PARIS 16;
8751423;TENNIS DE TABLE PLUS;
8751249;U S 2;
8751445;U S CURIAL CAMBRAI;
8750141;U S METRO;
8750536;USAC C DES DEPOTS / ORANGE;
9760221;A AMICALE COURONNAISE;
9760206;A S C FRENEUSE;
9760230;A S C VILLAGES REUNIS;
9760333;A STEPHANAISE TT;
9760308;A.S.L. OUVILLE LA RIVIER;
9760069;AL DARNETAL;
9760107;ALCL TT GRAND QUEVILLY;
9760315;AMFTT;
9760457;AMS PONGISTE SAINTE MARGUERITE;
9760396;AS MOTTEVILLE;
9760380;AS ORIVAL;
9760129;ASC BONSECOURS;
9760419;ASC TOUSSAINT TT;
9760167;ASL BERNEVAL;
9760320;ASM AMFREVILLE TT;
9760341;ASS. VARENGEVILLAISE S.R.;
9760414;ASSOC. TENNIS DE TABLE DU HAVRE;
9760239;BLAINVILLE CREVON;
9760420;BRETTEVILLE DU GRAND CAUX FS TT;
9760100;C O R SANDOUVILLE;
9760425;CANTELEU MAROMME TT;
9760461;CDF SAINT JEAN DE LA NEUVILLE;
9760082;CE CHEVRON SPORTS;
9760007;CEP ST NICOLAS ALIERMONT;
9760025;Cercle Sportif Altifagien;
9760368;CLUB LOISIRS NOINTOTAIS;
9760046;CLUB PONGISTE DE ST SAENS;
9760428;COF DUNOISE PONGISTE;
9760453;CORPO NORMANDIE Tennis de Table;
9760039;CP BARENTIN;
9760201;CP BUCHY;
9760104;CP CANYCAIS;
9760403;CP GRANDCAMP;
9760041;CP PAVILLY;
9760018;CP QUEVILLAIS;
9760014;CP YVETOT;
9760036;DIEPPE UNIVERSITAIRE CLUB;
9760269;E S FRESNOY FOLNY;
9760319;ELAN BOESIEN POUR LA MAITRISE T;
9760377;ENTENTE PONGISTE DU ROBEC;
9760168;ENTENTE SAINT PIERRAISE TT;
9760034;Entente Tennis de Table d'OISSEL;
9760127;ES ARQUES;
9760415;EXXONMOBIL GRAVENCHON SL;
9760311;F.R.J.E.P. ESLETTES TT;
9760342;FJ FAUVILLE;
9760270;FJ LA REMUEE TT;
9760306;FOYER D AUZEBOSC;
9760272;FR ANQUETIERVILLE;
9760374;FR ISNEAUVILLE;
9760351;FRANQUEVILLE ST PIERRE;
9760012;G C O BIHOREL;
9760156;GOURNAY Tennis de Table;
9760218;GRAND COURONNE TENNIS DE TABLE;
9760390;GROUPEMENT LA HETRAIE;
9760448;JEUNESSE PONG.VALLIQUERVILL;
9760455;JEUNESSE PONGISTE SOTTEVILLAISE;
9760366;LA CRIQUE TT;
9760286;LE HAVRE S'PORT;
9760442;LE TRAIT YAINVILLE PONGISTE;
9760108;MESNIL ESNARD TT;
9760157;MONT SAINT AIGNAN TT;
9760291;MONTIVILLIERS T T;
9760449;NORVILLE;
9760352;PLATEAU HAVRAIS TT;
9760259;PPC ST LAURENT EN CAUX;
9760382;RACING CLUB PORT DU HAVRE;
9760015;RAQUETTE CRIELLOISE;
9760070;RAQUETTE NEUFCHATELOISE;
9760297;RAQUETTE SPORTIVE ENVERMEU;
9760028;RC CAUDEBEC;
9760417;RF HEUQUEVILLE;
9760011;S SOTTEVILLAIS CHEMN C;
9760458;SAFRAN NACELLES NORMANDIE SPORTS;
9760004;SPO ROUEN Tennis de Table;
9760214;SPORTING CLUB DE TURRETOT;
9760462;SPORTS LOISIRS OCTEVILLAIS;
9760463;TENNIS DE TABLE OFFRANVILLAIS;
9760456;TOUFFREVILLE TENNIS DE TABLE;
9760136;TROIS SETS BOLBECAIS;
9760416;TT BULLY;
9760447;TT DU CAILLY;
9760294;TT INCHEVILLE;
9760391;TT ST VIGOR D YMONVILLE;
9760379;TT ST-JOUIN BRUNEVAL;
9760266;U S FECAMPOISE;
9760331;US C BOIS GUILLAUME;
9760430;US CHEMINOTS DIEPPE;
9760256;US LILLEBONNE TENNIS DE TABLE;
8771172;AM PONG. CHEVRIARDS;
8771236;AMICALE PONGISTE OZOIR;
8771025;AS NANDEENNE;
8771518;ASFT TT FONTENAY TRESIGNY;
8771365;ASP SAVIGNY;
8771501;ASTT BRIE;
8771314;ASTT CHAMPS/MARNE;
8771508;ATT MONTOIS;
8770202;ATT QUINCY;
8771401;AVENIR D HONDEVILLIERS;
8771426;CESSON VERT ST DENIS TT;
8770562;CHAMPAGNE TENNIS DE TABLE;
8770237;CHELLES TENNIS DE TABLE;
8770426;COMBS SENART TT;
8770474;COMT PONTHIERRY;
8770499;COULOMMIERS TT;
8771402;CRISENOY TT;
8771448;CROISSY BEAUBOURG AS;
8771511;CS CHAMBRY TT;
8770665;CS COURTRY;
8770135;CS MEAUX TT;
8771398;CTT BUSSY ST GEORGES;
8770937;CTT DAMMARTIN;
8771201;CTT MONTHYON;
8770250;CVTT VAIRES;
8771184;E. P. DE LOGNES;
8771200;ES DAMMARIE LES LYS TT;
8771515;FONTAINEBLEAU TT;
8771514;GRISY TT;
8771394;LA COMPANAISE;
8770166;LAGNY SPORT MUNICIPAL TT;
8770377;LE MEE SPORTS;
8771202;MOISSY CRAMAYEL TT;
8771229;MORMANT Tennis de Table;
8771427;MOUROUX TENNIS DE TABLE;
8770489;NANGIS T.T.;
8770865;NOISIEL VLAN;
8770169;PING-NEMOURS;
8771315;PONGISTES DE VILLENOY;
8771087;ROZAY EN BRIE TT;
8771085;SAINT JEAN T.T.;
8770895;SC GRETZ TOURNAN;
8771446;SERRIS VAL D'EUROPE ATT;
8771516;SOLERS TENNIS DE TABLE;
8771519;ST THIBAULT PING;
8770955;TT FERTOIS;
8771506;TT PROVINOIS;
8770911;TT SAINT-PATHUS;
8771154;U S BOIS LE ROI;
8771304;U.T.T COLLEGIEN;
8771170;UMS TT PONTAULT COMBAULT;
8771337;US MELUNAISE TT;
8771029;US POMPONNE;
8770408;US ROISSY TENNIS DE TABLE;
8771303;US VAUX LE PENIL;
8770988;USM VILLEPARISIS TT;
8781333;ABLIS ATT;
8780935;ACHERES CLOC;
8780485;ANDRESY-MAURECOURT TT;
8781478;AS JUNGHEINRICH FRANCE TT;
8780401;AUBERGENVILLE CTT;
8780529;BAILLY NOISY ASTT;
8781413;BENNECOURT STT;
8780338;BEYNES TTC;
8781474;BOINVILLE TT;
8780447;BOIS D ARCY AS;
8781008;BOUGIVAL AS;
8781476;CARRIERES SUR SEINE US;
8781465;CHAMBOURCY ASM;
8781473;CHATOU CROISSY TT;
8780080;CHESNAY 78 AS;
8781290;CLAYES/BOIS USM;
8780128;CONFLANS US;
8780496;ELANCOURT CTT;
8781266;ESSARTS AGSE;
8780023;FONTENAY LE F. AS;
8781267;FOURQUEUX TT;
8780902;GAMBAIS ASGTT;
8781144;GARGENVILLE CO;
8781466;GRESSEY MAULETTE PP;
8780632;GUYANCOURT TT;
8780585;HOUILLES SO;
8781467;ISSOU TT;
8780440;JOSASSIEN TT;
8780002;LIMAY ALJ;
8781162;MAGNANVILLE ES;
8780130;MAISONS-LAFFITTE. US;
8780114;MANTAISE AS;
8780660;MARLY LE ROI US;
8781006;MAULOISE US;
8780353;MAUREPAS AS;
8780892;MESNIL ST D. AS;
8781288;MESSIER SPORT VELIZY;
8780584;MEULAN-MUR. UTT;
8781017;MONTESSON TT;
8781094;MONTFORT TT US;
8780678;MONTIGNY AS;
8781469;ORGERUS ATT;
8781176;ORGEVAL TT;
8781462;OXYGENE PSA;
8781380;PECQ US;
8780886;PERRAY ES;
8780905;PLAISIROIS CP;
8780108;POISSY USC;
8781196;PORCHEVILLE AS;
8781226;QUATRE COMMUNES TT;
8780078;RAMBOUILLET TT;
8780871;ROSNY CSM;
8780568;SAINT ARNOULT US;
8781475;SAINT CYR L'ECOLE TT;
8780224;SAINT GERMAIN TUE;
8781468;SAINT NOM SL;
8780674;SAINT-REMY-CHEVREUSE TT;
8780627;SARTROUVILLOIS TT;
8781477;SQY PING;
8781105;THALES AVS FRANCE;
8781432;THOIRYSIEN TT;
8781471;TRIEL TT;
8781248;VAUX TTC;
8780356;VELIZY CTT;
8780890;VERNEUIL US;
8780329;VERSAILLES SCTT;
8780107;VIROFLAY USM;
10790009;Aiffres TTC;
10790163;Airvault PPC;
10790011;Bressuire EP;
10790150;Breuil Chaussee CRAB;
10790020;Brétignolles EP;
10790015;Chatillon PPC;
10790126;Cherveux A R;
10790002;Combrand U.P.;
10790043;Courlay La Raquette;
10790022;Frontenay RR AFTT;
10790069;La Crèche Sainte Neomaye TT;
10790039;La Ferrière SL;
10790162;La Mothe St Héray ACMTT;
10790040;La Ronde TT;
10790024;Mauléon Trinitaires TT;
10790158;Messé US;
10790023;Montigny U S;
10790235;Niort Tennis de Table;
10790003;Nueil-les-Aubiers A.P.;
10790079;PARTHENAY ASS PONGISTE 79;
10790042;Parthenay PPC;
10790186;Pompaire Menigoute;
10790005;Périgné TT;
10790036;Rorthais AP;
10790229;SA Moncoutant TT;
10790234;Saint Laurs Club Pongiste;
10790058;Secondigny PPC;
10790236;SPEEDY PING SAINT-PIERRE;
10790038;St Léger de Montbrun PPC;
10790185;St Maixent SASM TT;
10790204;St Sauveur asp;
10790071;St Varent TT;
10790045;Tennis de Table Cirières;
10790025;Thouars CSC;
10790228;Villiers en Plaine TS 44;
7800008;ABBEVILLE ACTT;
7800006;ALBERT U.S.O.A TT;
7800067;ALLERY TT;
7800005;AMIENS LL;
7800001;AMIENS STT;
7800147;BEAUVAL TT;
7800079;BETHENCOURT US;
7800035;BLANGY-BOUTTENCOURT SEP;
7800023;BOUZINCOURT PPC;
7800125;BOVES ASTT;
7800062;CAIX-ROSIERES TTCR;
7800032;CANCHY ASC;
7800152;CD SOMME TT;
7800149;COMBLES FR;
7800066;DOMART/LA LUCE TT;
7800106;DOULLENS-BERNAVILLE TT;
7800071;DREUIL TT;
7800104;EPAGNETTE AS;
7800011;EPPEVILLE TT;
7800013;FEUQUIERES EN VIMEU TT;
7800033;FLAUCOURT ASL;
7800130;FORT MAHON PLAGE AAE;
7800108;FOURDRINOY-CAVILLON;
7800117;FRANVILLERS ATT;
7800015;FRIVILLE-ESCARBOTIN-BELLOY TT;
7800102;LONGUEAU ESC;
7800004;MERS LE TREPORT EU TT;
7800074;MONTDIDIER PPC;
7800040;MOREUIL PPC;
7800054;MUILLE PPC;
7800098;PERONNE TT;
7800030;PIERREPONT/AVRE USL;
7800014;PLESSIER ROZAINVILLERS SC;
7800064;POIX DE PICARDIE USTT;
7800107;PROYART ASTT;
7800018;PUZEAUX AAE;
7800153;RIBEMONT/ANCRE TT;
7800088;ROYE PPC;
7800126;RUE UP;
7800140;ST FUSCIEN TT;
7800020;ST SAUFLIEU ASL;
7800139;ST VALERY ASTT;
7800156;TINCOURT-BOUCLY FR COLOGNE;
7800128;VAUCHELLES ASV;
7800141;VIGNACOURT TT;
7800061;VILLE LE MARCLET-FLIXECOURT ENT;
7800003;VILLERS-BRETONNEUX PPC;
11810001;ASPTT ALBI tennis de table;
11810024;CASTRES TARN-SUD TT;
11810013;F L E P LACABAREDE;
11810033;LABRUGUIERE FUN PING;
11810015;PING ST PAULAIS;
11810030;S.C.GRAULHETOIS TENNIS DE TABLE;
11810031;TT DURFORT-SOREZE;
11810028;TT LABASTIDE GAILLAC;
11810003;U.P.MAZAMETAINE;
11810008;U.S. CARMAUX TT;
11820007;PPC CAUSSADAIS;
11820008;U.S.MONTAUBAN T.T.;
11820011;L ATOUT STEPHANOIS;
11820018;CASTEL LAVIT TT;
11820026;AVENIR MONTBETONAIS TT;
11820027;T.T.ST PAUL D ESPIS;
11820031;PPC DE MALAUSE;
11820032;AS MONTECH TT;
11820034;BEAUPUY-VERDUN TT;
11820035;US CASTELMAYRAN TENNIS DE TABLE;
13830029;A M S L FREJUS;
13830013;A S SAINT RAPHAEL;
13830067;A.S. MAXIME T.T.;
13830085;ASLTT ARGENS;
13830031;ATT DRACENIE;
13830068;C.T.T. SAINT MAXIMIN;
13830089;CLUB TENNIS DE TABLE AUPSOIS;
13830015;CLUB TT COGOLIN;
13830088;CLUB VALETTOIS TT;
13830064;CTT FORCALQUEIRET;
13830022;ETOILE PONGISTE PAYS DE FAYENCE;
13830035;F.R.ST JULIEN;
13830025;LA GARDE TENNIS DE TABLE;
13830016;LA RAQUETTE CAVALAIROISE T.T;
13830087;MJC LE BEAUSSET TT;
13830086;PING PONG OLLIOULAIS;
13830092;SANARY TT ASSOCIATION;
13830066;T.T. BRIGNOLAIS;
13830071;T.T. HYEROIS;
13830051;T.T. SIX FOURS;
13830014;T.T.LUCOIS;
13830007;Tennis de Table CARQUEIRANNAIS;
13830090;TENNIS DE TABLE LAVANDOU BORMES;
13830083;TOULON LA SEYNE Tennis de Table;
13830062;TT PIERREFEU DU VAR;
13830091;TT TRANSIAN;
13830060;U.S.TROPEZIENNE;
13830044;US LA CRAU TENNIS DE TABLE;
13830059;VALLEE DU GAPEAU TT;
13840038;ASPTT CARPENTRAS COVE;
13840006;AVENIR PONGISTE MONTELAIS;
13840028;C S PERTUISIEN (CSP);
13840005;CAVAILLON TT;
13840021;CLUB PONGISTE ORANGEOIS;
13840037;P P C COURTHEZONNAIS;
13840012;PING PONG CLUB AVIGNONNAIS;
13840062;PING PONG CLUB DE VALREAS;
13840058;PPC L'ISLE SUR LA SORGUE;
13840013;PPC PERNOIS;
13840001;PPC SORGUAIS;
13840050;STARLINE CLUB TENNIS TABLE;
13840025;TENNIS DE TABLE MORIERES;
13840045;TT PUJAUT-GRAND AVIGNON;
13840004;US RAQUETTE ENTRAIGUOISE;
12850028;AIZENAY CPF;
12850078;ANGLES PPC;
12851016;AUBIGNY/NESMY T.T. (A.L.);
12850031;AVRILLE AS 85;
12850033;BEAUFOU VENDEE (ASL);
12851023;BEAUREPAIRE TT;
12850125;BEIGNON BASSET TTA;
12850016;BELLEVIGNY ESBV;
12850165;BERNARDIERE T.T.C.;
12850012;BOUIN E;
12850126;BOURNEZEAU ESBTT;
12850143;BRETIGNOLLES TT;
12850039;BRUFFIERE ASBD;
12850026;CHALLANS OPS;
12850172;CHANTONNAY T.T.;
12850148;CHATEAU D OLONNE ES;
12850051;CHAUCHE US;
12850037;CHAVAGNES EN P. STL;
12850104;COEX CP;
12850046;COMMEQUIERS TT;
12850169;CORPO 85;
12850131;CUGAND TTAL;
12850043;EPESSES (Les);
12850040;ESSARTS TTE (Les);
12850024;FERRIERE VENDEE TENNIS DE TABLE;
12850138;FONTAINES-DOIX;
12850020;FONTENAY TTC;
12850032;GENETOUZE / VENANSAULT;
12850162;GIROUARD;
12850171;HERBERGEMENT ASTT;
12851011;HERBIERS (LES) TENNIS DE TABLE;
12850001;JARD SC;
12850015;LANDES GENUSSON E;
12851024;LE FLIP MONTOIS - ND DE MONTS;
12850007;LES ACHARDS TT U.S.;
12850097;LUCON TT;
12850091;MAGNILS REIGNIERS ATT;
12850134;MEILLERAIE R;
12850021;MORTAGNE FRATERNELLE;
12850109;MOUCHAMPS SJTT;
12850108;MOUILLERON TT CLUB;
12850030;MOUTIERS MAUXFAITS TT;
12850170;NIEUL TENNIS DE TABLE;
12850063;NOIRMOUTIER AL;
12850142;POIRE SUR VIE AL;
12850069;POUZAUGES A.C.T.T.;
12851026;RACING CLUB TT TALMONDAIS;
12850023;ROCHE VENDEE T.T.;
12850136;SALLERTAINE TTM;
12850042;ST ANDRE G. D OIE US;
12850093;ST AUBIN-ST MARTIN-GAUBR.;
12850163;ST CHRISTOPHE DU LIGNERON;
12850034;ST DENIS CHEVASSE ES;
12851018;ST FLORENT TENNIS DE TABLE;
12850095;ST FULGENT AP;
12850072;ST GILLES EP;
12850057;ST HILAIRE DE LOULAY;
12850014;ST LAURENT S/S ASCM;
12850135;ST MARS REORTHE TT;
12850107;ST MARTIN NOYERS ESMTT;
12850167;ST MESMIN/MONTOURNAIS AECM TT;
12850153;ST PAUL EN P. FARFADETS TT;
12850154;ST VINCENT SUR GRAON;
12850060;STE FLAIVE LS;
12851012;STE FLO/VENDRENNES ES;
12850111;TARDIERE CTT;
12850128;TREIZE SEPTIERS SM;
12850008;TT LES SABLES D OLONNE;
12851025;TT MONTS ET VALLEES;
10860015;ASTT Dangé / Les Ormes;
10860225;Beaumont FEPS;
10860230;Chasseneuil Ping Développement;
10860031;Chatellerault ASTT;
10860231;Chauvigny Valdivienne T.T.;
10860187;Civray TT;
10860017;Entente Pongiste TERCE/ST-JULIEN;
10860024;Jaunay Clan Val Vert T.T.;
10860044;La Roche Posay TT;
10860005;Loudun PPCL;
10860149;Lusignan AS Mélusine;
10860084;Montamisé TT;
10860193;Naintré MJC;
10860016;Neuville FJEPS;
10860038;Nouaillé-Maupertuis TT;
10860229;Poitiers Stade Poitevin TT;
10860035;Poitiers TTACC 86;
10860122;St Benoit TT;
10860021;St Savin St Germain CTT;
10860234;T.T.M.A;
10860213;Verrières Ent Pongiste;
10860006;Vivonne US;
10870003;LIMOGES ALOUETTE TT (87);
10870007;LIMOGES LA SAINT-ANTOINE TT (87);
10870017;LIMOGES C.A.P.O TT (87);
10870028;SAINT-JUNIEN AS (87);
10870029;ORADOUR-SUR-VAYRES TT (87);
10870031;PANAZOL PANA-LOISIRS TT (87);
10870037;LE PALAIS-SUR-VIENNE ESP. (87);
10870081;COUZEIX TENNIS DE TABLE (87);
10870101;PSA AIXE-SUR-VIENNE (87);
10870109;BOISSEUIL TT (87);
10870110;NANTIAT USTT (87);
10870116;BELLAC CTT (87);
10870117;SAINT-YRIEIX-LA-PERCHE EATT (87);
10870127;ST-GERMAIN-LES-BELLES AIR (87);
10870128;SAINT-GENCE ELAN SPORTIF (87);
10870130;EYMOUTIERS TT (87);
10870132;EP BESSINES ST SULPICE LAURIERE;
6880002;ANOULD Cercle Pongiste;
6880021;BAINS LES BAINS AM.PONG.;
6880157;BEGNECOURT Club;
6880119;CHARMES-VINCEY T.T.;
6880101;DOMFAING-BRUYERES Ent.MJC;
6880146;DOMPAIRE USTT;
6880066;ELOYES C.L.L.T.T.;
6880071;EPINAL T.S.P.;
6880123;ETIVAL ASRTT;
6880064;FRESSE SUR MOSELLE A.T.T.;
6880051;GOLBEY;
6880143;HADIGNY FR TT;
6880113;LA BOURGONCE ST MICHEL TT;
6880060;LA BRESSE T.T.;
6880018;LA HOUSSIERE-VANEMONT ASTT;
6880049;MIRECOURT Lift Club;
6880138;MONTHUREUX SUR SAONE TT;
6880086;MOYENMOUTIER VRTT;
6880007;NEUFCHATEAU T.T.;
6880110;REMIREMONT T.T.;
6880116;RUPT SUR MOSELLE C.P.;
6880010;SAINT DIE SRD TT Déodatien;
6880073;SAINTE MARGUERITE C.T.T.;
6880145;THAON CHENIMENIL E.S.T.T.;
6880140;THIAVILLE les 2 vallées TT;
6880017;UZEMAIN;
6880050;VAGNEY A.T.T.;
6880022;VITTEL SAINT REMY A.S.;
6880083;XONRUPT A.S.C.X.L. T.T.;
2890059;AS DOMATS TENNIS DE TABLE;
2890023;AS GAZELEC AUXERRE;
2890005;AS VILLENEUVE-LA-GUYARD;
2890058;ASTT AUGY;
2890006;AVENIR DE PARON TT;
2890062;ENT SPORTIVE DU FLORENTINOIS;
2890010;ES TT APPOIGNY;
2890019;PPC AVALLONNAIS;
2890057;Section de l'AS HERY T.T;
2890061;UNION SPORT. DU CANTON D CHARNY;
2890032;US JOIGNY;
2900015;ACLRE RECHESY;
2900039;ASM BELFORT FROIDEVAL TT;
2900041;ATT GRANDVILLARS;
2900003;CC DANJOUTIN;
2900042;CLUB PONGISTE DE GIROMAGNY;
2900047;CRAVANCHE TT La Cravanchoise;
2900004;FOYER RURAL DE BOUROGNE;
2900023;FOYER RURAL VEZELOIS;
2900013;FR ROUGEMONT LE CHATEAU;
2900028;LA SAVOUREUSE - CHATENOIS;
2900038;MONTBOUTON;
2900046;OFFEMONT TENNIS DE TABLE;
8910303;ARPAJON ESR;
8910642;AS WISSOUS TT;
8910102;ATHIS MONS USO;
8911464;BALLAINVILLIERS TENNIS DE TABLE;
8910567;BALLANCOURT STT;
8910667;BONDOUFLE AC;
8911225;BOUTIGNY-VAYRES TT;
8910916;BRETIGNY CS;
8911064;BREUILLET ES;
8911132;BRUNOY CTT;
8910438;BURES/YVETTE US;
8911458;CHEVANNES - TENNIS DE TABLE;
8911050;CHEVRY II;
8910918;CHILLY-MORANGIS CTT;
8910402;CORBEIL ESSONNES AS;
8911461;COURCOURONNES C.O.;
8910214;DRAVEIL TENNIS DE TABLE;
8910652;EPINAY/ORGE TT;
8910004;ESPERANCE de CROSNE;
8910442;ETAMPES CTT;
8910914;ETRECHY ASETT;
8910500;EVRY SCA 2000;
8911465;GRIGNY TENNIS DE TABLE USGTT;
8910861;IGNY T.T.;
8911430;JANVILLE-LARDY ASL;
8911161;LA FERTE ALAIS S.E.T.T.;
8911285;LA VILLE DU BOIS CO;
8910578;LE PLESSIS PATE T.T.;
8910544;LES ULIS CO;
8911368;LINAS MONTLHERY E.S.A.;
8910359;LONGJUMEAU LPO;
8910591;LONGPONT OMNISPORTS (L.O.S.);
8911021;MARCOUSSIS AS;
8910028;MASSY ES;
8911323;MENNECY TT;
8911439;MILLY MAISSE TENNIS DE TABLE;
8910165;MONTGERON (ESMTT);
8910881;MORSANG TENNIS DE TABLE;
8911379;ORMOY Tennis de Table;
8911009;ORSAY CA;
8910042;PALAISEAU US;
8910434;RIS ORANGIS US;
8910366;SACLAY ASCEA;
8910889;SACLAY CO;
8910310;SAVIGNY SO PING;
8911454;ST GERMAIN LES CORBEIL ACS;
8910285;ST MICHEL SPORT TENNIS DE TABLE;
8911334;St PIERRE DU PERRAY CSL;
8910876;Ste GENEVIEVE SP;
8911206;TU VERRIERES TT;
8911456;VAL D ORGE (Entente Pongiste);
8911395;VAUGRIGNEUSE CSMV;
8911280;VILLEBON/YVETTE AS;
8910077;VIRY CHATILLON ES;
8911083;YERRES ATT;
8921519;ACsIOM;
8920031;ANTONY SP TENNIS DE TABLE;
8920646;ASNIERES TT;
8920140;ASSOC. SPORTIVE FONTENAISIENNE;
8920075;BOIS COLOMBES SPORTS;
8920049;BOULOGNE BILLANCOURT AC;
8920389;BOURG LA REINE AS;
8920063;CHATENAY MALABRY T T ASV;
8920111;CLAMART CSM;
8920066;CLICHY SUR SEINE CS;
8920076;CNRS BELLEVUE SPORTS;
8920137;COLOMBIENNE ES;
8920025;COURBEVOIE SPORT TENNIS DE TABLE;
8921522;DASSAULT SPORTS;
8921344;ES RENAULT;
8921190;ISSY-LES-MOULINEAUX;
8920126;LA GARENNE COLOMBES AE;
8921458;LEVALLOIS SPORTING CLUB TT;
8920018;MALAKOFF USMM;
8920067;MEUDON AS;
8920234;NANTERRE ES;
8920312;NEUILLY AS ST PIERRE;
8920503;PLESSIS ROBINSON TT;
8921256;PUTEAUX TT CSM;
8920309;RUEIL ATHLETIC CLUB TT;
8921164;SCEAUX T.T.;
8921182;SM MONTROUGE;
8921316;STADE DE VANVES;
8921322;SUEZ;
8920151;TennisTable Municipal Châtillon;
8920211;THALES;
8920142;TOTAL SPORT;
8921099;VILLENEUVE LA GARENNE;
8920505;VOLTIGEURS DE BILLANCOURT;
8931463;ALSTOM SSA;
8930001;AUBERVILLIERS CMTT;
8931465;AUDONIENNE USMA TT;
8930059;AULNAYSIENS AP;
8930490;BOBIGNY AC;
8931461;BONDY ASTT;
8931011;BOURGETIN CTT;
8931057;DRANCY JA;
8931464;EPINAY S/S CSME TT;
8930003;GAGNY USM;
8931313;GERVAISIENNE CSM;
8931320;LES LILAS TT;
8930430;LIVRY-GARGAN EP;
8931358;MONTREUIL ES;
8930928;NEUILLY SUR MARNE TT;
8930610;NOISY LE GRAND CSTT;
8930368;PANTIN CMS;
8930452;PAVILLONNAIS SE;
8930148;ROMAINVILLOIS TT;
8930185;ROSNY JA;
8930009;ROSNY S/BOIS MARNAUDES TT;
8930024;SAINT-DENIS US93TT;
8931032;STAINS ES;
8930113;VILLEMOMBLE SPTT;
8930598;VILLEPINTE STTT;
8940458;AL VILLECRESNES TENNIS DE TABLE;
8940033;ALFORT JS;
8940030;ALFORTVILLE US;
8940121;ARCUEIL ELAN;
8941461;Boissy saint leger ASTT;
8940866;BREVANNAISE AS;
8940577;BRY PSC;
8940070;CA L'HAY LES ROSES TT;
8941282;CACHAN CO TT;
8941458;CEMEX-SANOFI-TT;
8940052;CHARENTON TENNIS DE TABLE;
8940326;CHEVILLY ELAN;
8940872;CHOISY LE ROI TT;
8941460;ESSI-PING;
8940073;FONTENAYSIENNE Union Sportive TT;
8940012;FRESNES AAS;
8940455;IGN AS;
8941343;IVRY US TT;
8940975;KREMLIN BICETRE US;
8940524;NOGENT TT;
8941403;NOISEAU SS TENNIS DE TABLE;
8940942;ORLY AS;
8940094;ORLY NORD ASAF;
8940894;ORMESSON US;
8940482;PERREUX AP;
8940926;PLESSIS TREVISE USM;
8941100;R.S.C. CHAMPIGNY;
8941180;RUNGIS AMAR;
8941352;SAINT MAURICE TT;
8940535;SUCY ES;
8940459;THIAIS AS TT;
8940655;US CRETEIL TENNIS DE TABLE;
8940976;VGA ST MAUR US;
8941359;VILLEJUIF US;
8940549;VILLIERS ES;
8940096;VINCENNOIS TT;
8940448;VITRY ES;
8951458;ADAMOIS TENNIS DE TABLE;
8950623;ARGENTEUIL TT;
8950882;AUVERS ATT;
8950553;BEAUCHAMP CTT;
8950022;BEAUMONT UMO;
8951366;BESSANCOURT TTB;
8950564;BEZONS USO;
8950092;CHAMBLY COC;
8950424;CLUB DE TENNIS DE TABLE ENGHIEN;
8951399;COURDIMANCHE OMNISPORTS;
8950129;CS TAVERNY Tennis de Table;
8950262;DOMONT TENNIS DE TABLE;
8950978;EAUBONNE CSM;
8950545;ENNERY US;
8951411;ERMONT-PLESSIS BOUCHARD TT;
8950481;EZANVILLE ECOUEN US;
8951268;FOSSES MARLY TT;
8950103;FRANCONVILLE CTT;
8951222;GARGES AADB;
8950974;GAUNISSA GOSSIMA;
8950348;GROSLAY TTC;
8950479;HERBLAY ASTT;
8951092;JOUY LE MOUTIER-VAUREAL TT;
8951331;LA FRETTE ESFTT;
8951452;LES RAQUETTES DE MAGNY;
8950088;MAREIL FR;
8951447;MARINOIS TT;
8951449;MENUCOURT ASTT;
8951312;MERY US TT;
8951261;MONTMAGNY STT;
8950435;MONTMORENCY ASMTT;
8950531;MONTSOULT USMBM;
8951459;PERSAN CLUB DE TENNIS DE TABLE;
8950330;PONTOISE CERGY A.S.;
8951386;PRESLES Tennis de Table;
8950570;PUISEUX DU GRAND ROISSY ASTT;
8951273;SANNOIS OS TT;
8950917;ST BRICE V.O;
8950083;ST GRATIEN AS;
8950119;ST LEU ETOILE;
8951451;ST MARTINOIS TT;
8950260;ST PRIX ASTT;
5980003;PPC BASTIA;
5980004;T.T.C.CORTE;
5990009;A.S.BASTELICACCIA;
5990010;A.S.P.BONIFACIO;
5990007;CLUB AJACCIEN T.T.;
5990021;CLUB PONGISTE SARTENE;
5990022;CLUB TENNIS DE TABLE SOLENZARA;
5990014;T.T.PORTO-VECCHIAIS;
339A1003;PONGYS ABYM CLUB MJCA;
339A1047;ALLIANCE SAINT CLAUDIENNE T.T.;
339A1048;AMICALE PONGISTE DU MOULE;
339A1021;ETOILE DE MORNE-A-L'EAU;
339A1050;KARUKERA SPORTING CLUB;
339A1016;O.M.C.S. VIEUX FORT;
339A1044;PING PONG CLUB DE BAIE MAHAULT;
339A1007;STADE LAMENTINOIS Tennis deTable;
349B2002;ASPTT MARTINIQUE;
349B2083;ASSEC RIVIERE SALEE;
349B2003;CLUB COLONIAL;
349B2030;CLUB FRANCISCAIN;
349B2085;ESPOIR ESSIMORNAIS;
349B2082;ESPOIR TENNIS DE TABLE;
349B2020;L'INTREPIDE CLUB;
349B2081;REVEIL SPORTIF;
349B2033;SPORTING CLUB LAMENTINOIS;
349B2062;THREE T ASSOCIATION;
309C0359;A. DEVELOP SPORTIF ET CULTUREL;
309C0321;CERCLE PONGISTE DE CAYENNE;
309C0357;COSMA TENNIS DE TABLE;
309C0320;U S L MONTJOLY;
319D0401;AIGLONS D ORIENT;
319D0465;ASTT STELLA;
319D0463;AVENIR PONGISTE PANONNAIS;
319D0444;CLUB DIONYSIEN TENNIS TABLE;
319D0464;CLUB OMNISPORT LA MONTAGNE;
319D0405;CLUB PONGISTE POSSESSION;
319D0468;CLUB PONGISTE TOP ST PAULOIS;
319D0443;CRESSONNIERE TENNIS DE TABLE;
319D0461;SAINTE MARIE TENNIS DE TABLE;
319D0466;Sainte-Suzanne tennis de table;
319D0467;ST PAUL OUEST REUNION TT;
319D0438;T.T. SAINT PIERRE;
319D0439;TAMPON TENNIS DE TABLE;
329E1011;Club Handi et Sport Adapté LIFOU;
329E1001;IMPASSIBLE NORD KOUMAC;
329E1005;Petites Raquettes de POUEMBOUT;
329E1010;PWEDI WIMIAN PONGISTES POINDIMI;
329F0505;A S OLYMPIQUE DE NOUMEA;
329F0534;AS MAGENTA / NOUMEA;
329F0530;CTT MONT DORE;
329F0606;Moindou tennis de table;
329F0604;PAITA TENNIS DE TABLE;
329F0601;TENNIS DE TABLE CMO LA FOA;
329F0605;TENNIS DE TABLE DE DUMBEA;
369G0002;POUTOU BEBEROU T.T;
389W0007;Club de Hahake Tennis de Table;
389W0006;Club de Sigave de Tennis de Tabe;
389W0005;CLUB MULTISPORT ONO TT;
